Date,Day,Meal_type,Students_enrolled,Attendance_percent,Special_event,Nonveg_items,Menu_count,Previous_day_leftover_kg,Total_Waste_kg
01-01-2024,Monday,Lunch,600,74,No,1,2,7.06,27.26
01-01-2024,Monday,Dinner,400,83.75,No,0,2,2.03,12.48
02-01-2024,Tuesday,Lunch,650,86.31,No,1,4,7.39,30.03
02-01-2024,Tuesday,Dinner,450,70.67,No,0,5,4.09,16.57
03-01-2024,Wednesday,Lunch,600,83.33,No,1,3,4.75,20.75
03-01-2024,Wednesday,Dinner,320,88.75,No,1,5,4.99,19.39
04-01-2024,Thursday,Lunch,600,72.33,No,0,3,5.22,22.13
04-01-2024,Thursday,Dinner,650,87.85,No,0,5,5.14,22.59
05-01-2024,Friday,Lunch,450,81.78,No,2,2,4.75,19.11
05-01-2024,Friday,Dinner,400,82.25,No,1,4,7.41,21.98
06-01-2024,Saturday,Lunch,650,82.15,No,0,4,8.38,26.32
06-01-2024,Saturday,Dinner,650,75.85,No,1,2,6.2,23.24
07-01-2024,Sunday,Lunch,320,88.44,No,1,3,4.11,14.37
07-01-2024,Sunday,Dinner,500,88.8,No,1,3,3.91,22.52
08-01-2024,Monday,Lunch,450,82.44,No,2,3,6.2,19.53
08-01-2024,Monday,Dinner,300,85.67,No,1,2,3.19,15.69
09-01-2024,Tuesday,Lunch,650,82.15,No,0,3,8.63,27.47
09-01-2024,Tuesday,Dinner,500,79.6,No,1,2,2.64,16.32
10-01-2024,Wednesday,Lunch,300,83,No,1,5,4.57,17.13
10-01-2024,Wednesday,Dinner,450,80.89,No,0,5,3.55,16.45
11-01-2024,Thursday,Lunch,250,81.6,No,0,2,1.91,9.26
11-01-2024,Thursday,Dinner,500,85.6,No,0,4,6.3,20.67
12-01-2024,Friday,Lunch,700,79.57,No,1,5,9.03,29.04
12-01-2024,Friday,Dinner,250,70.8,No,1,3,1.72,8.31
13-01-2024,Saturday,Lunch,320,73.12,No,1,2,5.28,16.47
13-01-2024,Saturday,Dinner,600,78.67,No,2,3,4.86,22.6
14-01-2024,Sunday,Lunch,400,84.5,No,1,3,4.68,19.39
14-01-2024,Sunday,Dinner,700,81.86,No,0,4,9.21,28.85
15-01-2024,Monday,Lunch,320,82.81,No,0,3,3.12,9.01
15-01-2024,Monday,Dinner,450,79.56,No,0,4,4.52,19.95
16-01-2024,Tuesday,Lunch,320,82.19,No,0,5,2.93,17.21
16-01-2024,Tuesday,Dinner,600,76.5,No,1,2,6.67,23.75
17-01-2024,Wednesday,Lunch,450,79.33,No,1,3,4.4,19.06
17-01-2024,Wednesday,Dinner,700,84.86,No,0,2,6.91,33.4
18-01-2024,Thursday,Lunch,600,87.33,No,1,3,5.29,27.79
18-01-2024,Thursday,Dinner,300,78.67,No,1,2,1.85,10.74
19-01-2024,Friday,Lunch,400,70.75,No,0,3,2.95,13.84
19-01-2024,Friday,Dinner,700,73.14,No,0,3,7.32,22.11
20-01-2024,Saturday,Lunch,300,70.33,No,0,3,1.57,10.32
20-01-2024,Saturday,Dinner,700,83,No,0,3,8.56,28.61
21-01-2024,Sunday,Lunch,450,76.44,No,2,3,6.42,21.85
21-01-2024,Sunday,Dinner,300,80.67,No,0,3,2.84,10
22-01-2024,Monday,Lunch,400,79.75,No,0,3,3.54,15.77
22-01-2024,Monday,Dinner,600,71.5,No,1,3,5.15,21.47
23-01-2024,Tuesday,Lunch,650,78,No,2,3,9.3,27.31
23-01-2024,Tuesday,Dinner,320,74.38,No,0,2,1.69,7.89
24-01-2024,Wednesday,Lunch,250,78,No,0,4,2.66,10.6
24-01-2024,Wednesday,Dinner,400,74,No,0,3,5.38,15.58
25-01-2024,Thursday,Lunch,300,86.67,No,0,4,1.97,11.59
25-01-2024,Thursday,Dinner,650,73.38,No,0,3,7.88,23.54
26-01-2024,Friday,Lunch,400,97.25,Yes,1,3,5.09,25.63
26-01-2024,Friday,Dinner,300,90.33,Yes,0,2,3.16,13.67
27-01-2024,Saturday,Lunch,500,86.8,No,0,5,6.47,21.71
27-01-2024,Saturday,Dinner,500,82.4,No,1,5,5.95,24
28-01-2024,Sunday,Lunch,400,84.5,No,0,2,2.2,11.24
28-01-2024,Sunday,Dinner,500,85.2,No,0,4,7.11,20.87
29-01-2024,Monday,Lunch,300,80,No,0,5,3.57,16.41
29-01-2024,Monday,Dinner,300,80.67,No,2,2,3.26,16.18
30-01-2024,Tuesday,Lunch,400,80.25,No,0,2,5.26,17.54
30-01-2024,Tuesday,Dinner,650,81.69,No,1,5,6.25,28.15
31-01-2024,Wednesday,Lunch,600,70.5,No,1,4,4.82,23.08
31-01-2024,Wednesday,Dinner,700,77.86,No,0,2,8.46,24.22
01-02-2024,Thursday,Lunch,650,82,No,2,3,7.97,24.55
01-02-2024,Thursday,Dinner,450,81.78,No,0,4,2.93,13.79
02-02-2024,Friday,Lunch,300,85.67,No,0,4,3.88,14.22
02-02-2024,Friday,Dinner,450,82.89,No,1,5,3.89,20.44
03-02-2024,Saturday,Lunch,650,89.69,No,1,5,3.74,24.72
03-02-2024,Saturday,Dinner,700,75.57,No,1,3,5.3,26.39
04-02-2024,Sunday,Lunch,700,77.14,No,0,2,8.04,23.5
04-02-2024,Sunday,Dinner,250,77.6,No,0,5,2.06,13.41
05-02-2024,Monday,Lunch,700,79.29,No,1,5,6.03,28.97
05-02-2024,Monday,Dinner,600,86.67,No,0,4,7.62,24.72
06-02-2024,Tuesday,Lunch,700,74.71,No,0,5,8.95,29.14
06-02-2024,Tuesday,Dinner,650,85.38,No,0,5,4.32,26.96
07-02-2024,Wednesday,Lunch,250,78,No,0,5,3.04,14.17
07-02-2024,Wednesday,Dinner,650,82,No,1,5,11.56,36.8
08-02-2024,Thursday,Lunch,650,82.62,No,0,4,3.7,22.75
08-02-2024,Thursday,Dinner,320,77.19,No,2,3,4.57,15.63
09-02-2024,Friday,Lunch,250,80,No,0,3,2.49,9.05
09-02-2024,Friday,Dinner,650,78.15,No,1,2,10.5,31.01
10-02-2024,Saturday,Lunch,320,71.25,No,0,5,3.1,10.34
10-02-2024,Saturday,Dinner,320,78.44,No,0,4,4.68,14.33
11-02-2024,Sunday,Lunch,250,71.6,No,0,2,2.17,6.81
11-02-2024,Sunday,Dinner,450,78,No,0,2,2.33,13.84
12-02-2024,Monday,Lunch,600,81.83,No,1,3,4.27,27.93
12-02-2024,Monday,Dinner,700,81.57,No,2,4,7.79,35.89
13-02-2024,Tuesday,Lunch,600,83.17,No,1,4,4.88,26.04
13-02-2024,Tuesday,Dinner,700,71.86,No,0,4,5.09,27.28
14-02-2024,Wednesday,Lunch,650,82.92,No,0,3,7.29,25.96
14-02-2024,Wednesday,Dinner,300,76,No,0,3,3.01,10.66
15-02-2024,Thursday,Lunch,250,77.6,No,1,3,3.36,11.44
15-02-2024,Thursday,Dinner,600,87,No,1,3,6.92,24.03
16-02-2024,Friday,Lunch,600,70.17,No,2,3,5.19,28.12
16-02-2024,Friday,Dinner,650,81.69,No,0,5,7.58,24.11
17-02-2024,Saturday,Lunch,450,81.78,No,1,5,5.16,17.66
17-02-2024,Saturday,Dinner,320,77.81,No,0,4,2.88,11.33
18-02-2024,Sunday,Lunch,650,74.62,No,1,2,8.68,27.13
18-02-2024,Sunday,Dinner,500,74.6,No,1,4,6.29,18.11
19-02-2024,Monday,Lunch,320,87.5,No,1,2,2.95,12.62
19-02-2024,Monday,Dinner,250,78.8,No,1,3,2.29,14.01
20-02-2024,Tuesday,Lunch,320,76.56,No,0,2,1.94,11.56
20-02-2024,Tuesday,Dinner,450,78.89,No,1,4,3.5,23.1
21-02-2024,Wednesday,Lunch,320,83.12,No,0,4,3.19,13.64
21-02-2024,Wednesday,Dinner,250,72.8,No,1,2,2.3,11.29
22-02-2024,Thursday,Lunch,450,78.89,No,0,5,5.33,19.12
22-02-2024,Thursday,Dinner,600,81.67,No,1,3,6.45,21.1
23-02-2024,Friday,Lunch,600,88.83,No,2,3,4.73,26.64
23-02-2024,Friday,Dinner,700,75,No,1,4,10.63,33.18
24-02-2024,Saturday,Lunch,320,77.19,No,1,5,2.59,10.74
24-02-2024,Saturday,Dinner,600,77.5,No,1,2,4.8,23.74
25-02-2024,Sunday,Lunch,250,82,No,1,3,3.73,12.75
25-02-2024,Sunday,Dinner,400,77,No,1,5,6.16,18.34
26-02-2024,Monday,Lunch,400,80.5,No,1,3,3.85,14.75
26-02-2024,Monday,Dinner,450,85.56,No,0,5,5.45,19.86
27-02-2024,Tuesday,Lunch,600,84,No,2,5,4.79,30.37
27-02-2024,Tuesday,Dinner,600,78.83,No,2,4,5.57,27.82
28-02-2024,Wednesday,Lunch,400,87.25,No,1,3,4.36,20.84
28-02-2024,Wednesday,Dinner,600,81,No,0,2,3.45,20.19
01-03-2024,Friday,Lunch,320,80.62,No,0,4,3.03,14.89
01-03-2024,Friday,Dinner,500,70.6,No,1,4,6.49,23.31
02-03-2024,Saturday,Lunch,300,89.67,No,0,2,3.55,10.77
02-03-2024,Saturday,Dinner,700,72.43,No,1,4,5.78,24.01
03-03-2024,Sunday,Lunch,450,74.44,No,0,5,3.3,17.9
03-03-2024,Sunday,Dinner,500,71,No,0,5,5.5,19.57
04-03-2024,Monday,Lunch,400,82.75,No,2,3,4.85,22.1
04-03-2024,Monday,Dinner,600,74.33,No,1,3,4.6,18.18
05-03-2024,Tuesday,Lunch,700,73.57,No,1,2,6.9,25.77
05-03-2024,Tuesday,Dinner,600,71.67,No,1,3,5.6,17.78
06-03-2024,Wednesday,Lunch,250,72,No,0,5,2.41,11.74
06-03-2024,Wednesday,Dinner,250,81.6,No,1,2,4.25,12.29
07-03-2024,Thursday,Lunch,700,83.71,No,0,2,6.1,28.84
07-03-2024,Thursday,Dinner,700,77.86,No,2,3,3.93,25.8
08-03-2024,Friday,Lunch,400,91,Yes,1,5,8.87,27.39
08-03-2024,Friday,Dinner,700,93.86,Yes,0,2,7.13,32.37
09-03-2024,Saturday,Lunch,320,70.31,No,1,5,4.3,15.55
09-03-2024,Saturday,Dinner,600,76.33,No,1,5,6.35,22.98
10-03-2024,Sunday,Lunch,500,89.4,No,0,5,6.81,23.06
10-03-2024,Sunday,Dinner,650,81.54,No,2,3,7.06,30.79
11-03-2024,Monday,Lunch,700,75,No,0,4,7.63,21.81
11-03-2024,Monday,Dinner,450,80.22,No,0,4,3.82,16.04
12-03-2024,Tuesday,Lunch,250,76.8,No,1,2,3.66,11.13
12-03-2024,Tuesday,Dinner,320,80.62,No,1,5,5.64,18.69
13-03-2024,Wednesday,Lunch,650,72.46,No,1,3,5.37,24.88
13-03-2024,Wednesday,Dinner,500,72.6,No,1,5,6.53,23.15
14-03-2024,Thursday,Lunch,650,72.77,No,1,5,6.09,28.99
14-03-2024,Thursday,Dinner,700,88.71,No,1,3,4.47,23.26
15-03-2024,Friday,Lunch,400,84.5,No,0,4,3.25,20.36
15-03-2024,Friday,Dinner,250,73.2,No,0,5,2,10.3
16-03-2024,Saturday,Lunch,250,73.6,No,0,5,3.37,12.71
16-03-2024,Saturday,Dinner,400,84.5,No,0,4,5.97,17.8
17-03-2024,Sunday,Lunch,600,73,No,1,3,3.02,18.74
17-03-2024,Sunday,Dinner,300,74.67,No,0,2,2.29,12.11
18-03-2024,Monday,Lunch,320,89.06,No,0,4,4.74,18.31
18-03-2024,Monday,Dinner,250,74.8,No,0,2,1.46,8.88
19-03-2024,Tuesday,Lunch,450,83.11,No,2,2,6.4,25.34
19-03-2024,Tuesday,Dinner,250,89.2,No,2,4,4.36,13.7
20-03-2024,Wednesday,Lunch,650,77.38,No,1,5,4.85,27.72
20-03-2024,Wednesday,Dinner,250,70,No,2,2,1.76,11.45
21-03-2024,Thursday,Lunch,250,74.8,No,1,2,1.8,10.12
21-03-2024,Thursday,Dinner,300,86.33,No,1,3,3.8,15.61
22-03-2024,Friday,Lunch,300,87,No,0,5,3.15,15.36
22-03-2024,Friday,Dinner,500,85.2,No,1,2,5.2,20.97
23-03-2024,Saturday,Lunch,600,72.17,No,1,3,4.86,20.25
23-03-2024,Saturday,Dinner,450,85.78,No,1,5,6.76,27.6
24-03-2024,Sunday,Lunch,250,88,No,1,4,3.22,14.66
24-03-2024,Sunday,Dinner,250,82,No,1,4,3.66,15.15
25-03-2024,Monday,Lunch,320,88.75,No,1,3,5.02,15.5
25-03-2024,Monday,Dinner,300,86.33,No,2,4,2.81,15.16
26-03-2024,Tuesday,Lunch,450,83.33,No,0,2,4.2,14.71
26-03-2024,Tuesday,Dinner,500,81.4,No,1,5,7.33,21.07
27-03-2024,Wednesday,Lunch,600,76.83,No,0,2,3.4,17.65
27-03-2024,Wednesday,Dinner,400,73,No,1,2,4.01,17.45
28-03-2024,Thursday,Lunch,600,82,No,1,4,4.66,26.25
28-03-2024,Thursday,Dinner,650,76.31,No,0,2,5.09,17.21
29-03-2024,Friday,Lunch,250,96,Yes,1,4,5.53,20.33
29-03-2024,Friday,Dinner,500,97.8,Yes,0,5,9.09,34.13
30-03-2024,Saturday,Lunch,650,84.92,No,1,5,5.28,24.13
30-03-2024,Saturday,Dinner,450,71.78,No,0,2,2.79,13.96
31-03-2024,Sunday,Lunch,400,75.75,No,1,3,5.69,20.42
31-03-2024,Sunday,Dinner,300,72,No,0,4,3.08,11.21
01-04-2024,Monday,Lunch,500,83,No,1,4,7.9,27.93
01-04-2024,Monday,Dinner,500,85.2,No,0,2,4.1,14.85
02-04-2024,Tuesday,Lunch,250,88.4,No,1,4,4.18,13.97
02-04-2024,Tuesday,Dinner,700,78.71,No,2,4,6.31,27.87
03-04-2024,Wednesday,Lunch,500,88,No,2,3,5.95,22.4
03-04-2024,Wednesday,Dinner,320,87.5,No,1,3,2.55,15.89
04-04-2024,Thursday,Lunch,400,76.25,No,1,2,4.57,18.19
04-04-2024,Thursday,Dinner,400,87.25,No,0,3,5.1,15.41
05-04-2024,Friday,Lunch,320,77.5,No,0,2,1.44,8.64
05-04-2024,Friday,Dinner,320,75.94,No,0,5,3.42,13.81
06-04-2024,Saturday,Lunch,320,82.81,No,1,2,3.25,18.08
06-04-2024,Saturday,Dinner,400,76.5,No,2,5,3.89,24.28
07-04-2024,Sunday,Lunch,600,82.5,No,0,2,3.94,22.5
07-04-2024,Sunday,Dinner,400,82,No,2,4,5.86,21.23
08-04-2024,Monday,Lunch,700,81.14,No,1,3,10.22,29.81
08-04-2024,Monday,Dinner,250,77.6,No,1,5,3.13,13.47
09-04-2024,Tuesday,Lunch,650,80.92,No,0,2,3.97,20.46
09-04-2024,Tuesday,Dinner,600,81.83,No,0,3,6.85,24.71
10-04-2024,Wednesday,Lunch,300,80.67,No,1,2,1.82,10.64
10-04-2024,Wednesday,Dinner,650,78.77,No,1,3,9.31,28.96
11-04-2024,Thursday,Lunch,250,84.8,Yes,0,3,2.74,15.69
11-04-2024,Thursday,Dinner,700,92.57,Yes,1,2,12.05,37.8
12-04-2024,Friday,Lunch,700,73.29,No,1,5,6.5,22.85
12-04-2024,Friday,Dinner,300,82.67,No,1,5,3.01,15.58
13-04-2024,Saturday,Lunch,600,85.17,No,2,4,5.79,31.02
13-04-2024,Saturday,Dinner,320,80,No,0,3,2.95,12.85
14-04-2024,Sunday,Lunch,600,80.83,No,0,4,8.74,30.1
14-04-2024,Sunday,Dinner,700,89,No,1,4,8.25,24.21
15-04-2024,Monday,Lunch,400,86.75,No,0,2,2.96,16.89
15-04-2024,Monday,Dinner,250,88,No,0,2,2.92,11.35
16-04-2024,Tuesday,Lunch,300,86,No,0,2,4.02,14.42
16-04-2024,Tuesday,Dinner,250,72,No,0,3,1.99,11.43
17-04-2024,Wednesday,Lunch,450,72.89,No,0,2,5.64,17.44
17-04-2024,Wednesday,Dinner,450,80.44,No,0,2,3.53,16.85
18-04-2024,Thursday,Lunch,600,74.83,No,0,3,3.03,18.28
18-04-2024,Thursday,Dinner,700,79.43,No,0,3,8.75,25.58
19-04-2024,Friday,Lunch,700,77.86,No,1,5,7.2,33.65
19-04-2024,Friday,Dinner,320,80.94,No,1,2,2.35,14.76
20-04-2024,Saturday,Lunch,320,84.69,No,1,2,4.47,13.94
20-04-2024,Saturday,Dinner,320,84.06,No,0,2,2.73,12.28
21-04-2024,Sunday,Lunch,400,91.75,Yes,0,5,7.91,25.42
21-04-2024,Sunday,Dinner,650,95.54,Yes,1,2,8.77,29.71
22-04-2024,Monday,Lunch,500,78.6,No,1,5,6.94,26.53
22-04-2024,Monday,Dinner,650,87.85,No,1,4,6.35,34.48
23-04-2024,Tuesday,Lunch,250,71.2,No,0,5,1.87,8.98
23-04-2024,Tuesday,Dinner,650,89.08,No,2,4,6.07,29.52
24-04-2024,Wednesday,Lunch,400,83,No,0,2,1.98,11.99
24-04-2024,Wednesday,Dinner,250,77.6,No,0,4,3.67,12.47
25-04-2024,Thursday,Lunch,650,73.85,No,1,5,10.62,33.85
25-04-2024,Thursday,Dinner,400,79.5,No,1,3,3.09,16.44
26-04-2024,Friday,Lunch,500,73.8,No,0,4,3.11,17.8
26-04-2024,Friday,Dinner,650,73.23,No,0,4,3.36,21.44
27-04-2024,Saturday,Lunch,400,82.25,No,1,2,2.52,16.01
27-04-2024,Saturday,Dinner,320,80.31,No,0,5,4.02,17.75
28-04-2024,Sunday,Lunch,700,83.29,No,0,4,5.83,33.7
28-04-2024,Sunday,Dinner,320,88.44,No,0,4,2.84,15.01
29-04-2024,Monday,Lunch,700,80.57,No,1,4,5.04,29.22
29-04-2024,Monday,Dinner,300,81.33,No,0,4,4.29,14.38
30-04-2024,Tuesday,Lunch,300,71.67,No,2,3,3.23,13.99
30-04-2024,Tuesday,Dinner,300,84.33,No,1,5,5.86,19.87
01-05-2024,Wednesday,Lunch,500,78,No,2,2,7.22,20.68
01-05-2024,Wednesday,Dinner,320,89.38,No,2,2,5.82,19.68
02-05-2024,Thursday,Lunch,700,86.43,No,0,3,8.52,32.35
02-05-2024,Thursday,Dinner,400,80.25,No,0,5,3.85,17.2
03-05-2024,Friday,Lunch,250,72.4,No,0,4,2.75,10.42
03-05-2024,Friday,Dinner,400,87,No,0,3,2.95,17.17
04-05-2024,Saturday,Lunch,250,86,No,1,5,2.41,14.36
04-05-2024,Saturday,Dinner,450,73.56,No,0,4,5.56,15.88
05-05-2024,Sunday,Lunch,400,75.75,No,0,3,1.88,11.16
05-05-2024,Sunday,Dinner,650,85.85,No,0,5,8.97,35.26
06-05-2024,Monday,Lunch,650,73.69,No,2,2,5.06,23.74
06-05-2024,Monday,Dinner,600,88.33,No,0,2,5.35,26.9
07-05-2024,Tuesday,Lunch,320,78.44,No,0,5,4.05,15.39
07-05-2024,Tuesday,Dinner,250,71.6,No,0,2,2.28,7.3
08-05-2024,Wednesday,Lunch,250,86,No,2,5,2.54,15.51
08-05-2024,Wednesday,Dinner,320,77.19,No,1,4,4.12,16.48
09-05-2024,Thursday,Lunch,500,80.4,No,0,5,5.35,22.88
09-05-2024,Thursday,Dinner,600,72.17,No,0,4,6.4,21.64
10-05-2024,Friday,Lunch,500,70,No,0,3,2.55,16.74
10-05-2024,Friday,Dinner,500,82.6,No,0,5,4.35,20.18
11-05-2024,Saturday,Lunch,500,80.2,No,2,3,5.35,18.79
11-05-2024,Saturday,Dinner,320,81.56,No,1,2,3.18,16.91
12-05-2024,Sunday,Lunch,500,85.8,No,0,4,5,22.93
12-05-2024,Sunday,Dinner,650,82.92,No,1,5,8.63,35.86
13-05-2024,Monday,Lunch,300,73.33,No,0,3,3.15,11.6
13-05-2024,Monday,Dinner,450,77.11,No,1,4,3.91,24.04
14-05-2024,Tuesday,Lunch,250,88,No,1,4,3.66,14.25
14-05-2024,Tuesday,Dinner,250,85.2,No,0,2,2.25,7.68
15-05-2024,Wednesday,Lunch,450,81.11,No,1,2,6.8,23.41
15-05-2024,Wednesday,Dinner,320,75,No,0,4,3.14,11.35
16-05-2024,Thursday,Lunch,400,76,No,0,4,3.44,15.47
16-05-2024,Thursday,Dinner,320,84.38,No,0,5,5.36,18.13
17-05-2024,Friday,Lunch,250,86.8,No,0,4,2.26,10.61
17-05-2024,Friday,Dinner,250,83.2,No,1,5,2.59,15.67
18-05-2024,Saturday,Lunch,450,86,No,2,4,7.24,25.27
18-05-2024,Saturday,Dinner,500,85.2,No,1,2,4.93,24.22
19-05-2024,Sunday,Lunch,320,72.81,No,1,5,4.25,14.05
19-05-2024,Sunday,Dinner,700,78.43,No,1,3,8.98,32.42
20-05-2024,Monday,Lunch,450,72.89,No,0,2,4.55,15.71
20-05-2024,Monday,Dinner,650,74.62,No,0,5,4.62,25.7
21-05-2024,Tuesday,Lunch,250,87.2,No,0,5,4.63,13.87
21-05-2024,Tuesday,Dinner,450,79.33,No,1,3,4.57,17.68
22-05-2024,Wednesday,Lunch,320,80.62,No,2,5,5.1,20.34
22-05-2024,Wednesday,Dinner,250,73.2,No,0,4,2.87,10.57
23-05-2024,Thursday,Lunch,400,89,Yes,1,3,4.18,26.02
23-05-2024,Thursday,Dinner,450,87.78,Yes,1,2,6.3,21.25
24-05-2024,Friday,Lunch,600,74,No,1,2,5.06,21.48
24-05-2024,Friday,Dinner,250,82.4,No,0,4,3.19,13.39
25-05-2024,Saturday,Lunch,320,75,No,0,2,2.87,12.04
25-05-2024,Saturday,Dinner,300,82.33,No,0,5,4.64,16.46
26-05-2024,Sunday,Lunch,700,71.14,No,0,5,7.46,24.91
26-05-2024,Sunday,Dinner,500,72.8,No,0,4,3.29,15.51
27-05-2024,Monday,Lunch,320,75.31,No,1,2,3.31,16.22
27-05-2024,Monday,Dinner,650,81.85,No,0,2,4.82,28.28
28-05-2024,Tuesday,Lunch,650,83.38,No,1,4,5.9,31.68
28-05-2024,Tuesday,Dinner,300,78.67,No,1,3,4.1,14.99
29-05-2024,Wednesday,Lunch,500,78.8,No,1,2,6.35,21.79
29-05-2024,Wednesday,Dinner,600,84.33,No,0,3,4.57,25.58
30-05-2024,Thursday,Lunch,300,70,No,1,2,3.9,14.4
30-05-2024,Thursday,Dinner,300,76.67,No,2,2,3.07,11.36
31-05-2024,Friday,Lunch,250,86,No,0,2,3.07,8.85
31-05-2024,Friday,Dinner,650,82,No,0,2,7.98,27.49
01-06-2024,Saturday,Lunch,250,76.4,No,1,5,3.67,12.42
01-06-2024,Saturday,Dinner,700,88,No,0,3,7.25,25.91
02-06-2024,Sunday,Lunch,500,85.4,No,0,3,6.29,21.28
02-06-2024,Sunday,Dinner,600,75.17,No,0,2,3.42,19.85
03-06-2024,Monday,Lunch,600,82.83,No,0,2,4.35,21.16
03-06-2024,Monday,Dinner,320,81.88,No,1,3,3.21,13.44
04-06-2024,Tuesday,Lunch,300,78,No,0,5,5.59,16.33
04-06-2024,Tuesday,Dinner,700,77.29,No,1,4,9.15,32.49
05-06-2024,Wednesday,Lunch,650,76.77,No,1,4,7.8,23.31
05-06-2024,Wednesday,Dinner,600,82.33,No,1,3,7.24,22.56
06-06-2024,Thursday,Lunch,700,78.71,No,1,2,8.14,27.36
06-06-2024,Thursday,Dinner,400,86.5,No,1,2,5.82,17.56
07-06-2024,Friday,Lunch,400,83.25,No,0,5,6.66,20.71
07-06-2024,Friday,Dinner,250,71.2,No,1,4,3.39,10.13
08-06-2024,Saturday,Lunch,650,82.77,No,1,5,9.27,33.76
08-06-2024,Saturday,Dinner,320,75.31,No,1,4,5.42,15.66
09-06-2024,Sunday,Lunch,600,81.83,No,1,3,8.06,26.86
09-06-2024,Sunday,Dinner,300,83.33,No,0,4,1.84,11.85
10-06-2024,Monday,Lunch,300,74.33,No,0,5,4.67,14.31
10-06-2024,Monday,Dinner,600,79,No,1,5,5.28,28.1
11-06-2024,Tuesday,Lunch,500,73.8,No,0,5,6.36,21.24
11-06-2024,Tuesday,Dinner,320,70.94,No,1,3,4.28,12.42
12-06-2024,Wednesday,Lunch,700,77.43,No,0,4,7.22,28.81
12-06-2024,Wednesday,Dinner,500,77.2,No,0,4,5.02,21.12
13-06-2024,Thursday,Lunch,500,89.8,No,0,5,5.18,23.4
13-06-2024,Thursday,Dinner,250,78.8,No,0,4,2.38,10.44
14-06-2024,Friday,Lunch,400,76.5,No,1,2,4.6,19.21
14-06-2024,Friday,Dinner,500,81.6,No,0,2,4.8,19.6
15-06-2024,Saturday,Lunch,500,71.6,No,2,2,3.83,20.26
15-06-2024,Saturday,Dinner,450,89.11,No,1,4,4.94,19.29
16-06-2024,Sunday,Lunch,250,82.4,No,0,3,2.49,11.8
16-06-2024,Sunday,Dinner,650,85.08,No,1,3,10.43,30.27
17-06-2024,Monday,Lunch,450,87.11,Yes,1,3,6.58,21
17-06-2024,Monday,Dinner,450,90.22,Yes,1,3,6.89,25.35
18-06-2024,Tuesday,Lunch,600,78.33,No,0,2,5,18.49
18-06-2024,Tuesday,Dinner,400,86.25,No,1,2,5.59,18.97
19-06-2024,Wednesday,Lunch,500,70,No,1,5,4.95,20.84
19-06-2024,Wednesday,Dinner,400,76,No,0,4,2.75,15.27
20-06-2024,Thursday,Lunch,320,89.38,No,0,4,4.52,14.51
20-06-2024,Thursday,Dinner,600,79.5,No,1,3,8.4,24.97
21-06-2024,Friday,Lunch,650,77.54,No,0,2,6.55,20.18
21-06-2024,Friday,Dinner,400,72.25,No,1,3,3.49,13.7
22-06-2024,Saturday,Lunch,300,89.33,No,0,5,4.89,16.26
22-06-2024,Saturday,Dinner,320,70.31,No,2,4,3.17,15.14
23-06-2024,Sunday,Lunch,250,84.4,No,1,4,3.5,15.03
23-06-2024,Sunday,Dinner,650,85.23,No,0,3,5.26,23.72
24-06-2024,Monday,Lunch,320,74.69,No,0,5,2.26,15
24-06-2024,Monday,Dinner,600,83.33,No,1,4,5.22,25.67
25-06-2024,Tuesday,Lunch,450,71.78,No,1,5,4.12,17.34
25-06-2024,Tuesday,Dinner,450,75.11,No,1,5,5.2,17.85
26-06-2024,Wednesday,Lunch,600,85.67,No,0,3,6.86,20.94
26-06-2024,Wednesday,Dinner,700,87.29,No,0,2,4.37,28.47
27-06-2024,Thursday,Lunch,450,82,No,0,3,3.02,19.86
27-06-2024,Thursday,Dinner,250,80,No,1,2,2.12,11.43
28-06-2024,Friday,Lunch,250,72.8,No,0,5,4.32,14.03
28-06-2024,Friday,Dinner,300,71,No,0,2,2.49,10.53
29-06-2024,Saturday,Lunch,500,72.2,No,1,5,6.92,27.29
29-06-2024,Saturday,Dinner,700,74.43,No,2,4,5.84,31.49
30-06-2024,Sunday,Lunch,650,76.77,No,0,4,7.65,28.3
30-06-2024,Sunday,Dinner,450,77.56,No,0,4,3.81,15.01
01-07-2024,Monday,Lunch,250,76.8,No,1,3,3.8,12.22
01-07-2024,Monday,Dinner,600,74.67,No,1,3,3.24,21.18
02-07-2024,Tuesday,Lunch,450,80,No,0,5,5.08,19.52
02-07-2024,Tuesday,Dinner,500,86.4,No,2,4,8.71,25.75
03-07-2024,Wednesday,Lunch,600,75.5,No,1,3,4.53,25.88
03-07-2024,Wednesday,Dinner,320,88.75,No,0,4,4.88,13.97
04-07-2024,Thursday,Lunch,320,87.19,No,0,3,3.09,11.21
04-07-2024,Thursday,Dinner,450,73.11,No,1,2,5.9,17.27
05-07-2024,Friday,Lunch,500,85.6,No,1,2,3.9,24.25
05-07-2024,Friday,Dinner,700,81.43,No,0,4,8.17,31.77
06-07-2024,Saturday,Lunch,450,81.11,No,1,5,8.07,24
06-07-2024,Saturday,Dinner,250,77.6,No,1,3,3.3,13.03
07-07-2024,Sunday,Lunch,400,80,No,0,3,3.32,14.58
07-07-2024,Sunday,Dinner,450,77.78,No,1,2,3.1,18.08
08-07-2024,Monday,Lunch,450,80.67,No,2,2,6.72,22.86
08-07-2024,Monday,Dinner,600,82.5,No,0,5,5.68,26.8
09-07-2024,Tuesday,Lunch,400,83.25,No,0,5,4.09,18
09-07-2024,Tuesday,Dinner,250,80.4,No,0,5,4.18,14.07
10-07-2024,Wednesday,Lunch,450,84.22,No,1,4,8.52,26.26
10-07-2024,Wednesday,Dinner,600,72.67,No,2,2,5.01,23.51
11-07-2024,Thursday,Lunch,500,74.2,No,0,4,4.96,16.74
11-07-2024,Thursday,Dinner,450,86.22,No,1,2,3.35,17.98
12-07-2024,Friday,Lunch,400,76.25,No,1,2,2.76,16.75
12-07-2024,Friday,Dinner,300,70.33,No,1,3,2.35,13.74
13-07-2024,Saturday,Lunch,400,73,No,0,2,4.01,16.35
13-07-2024,Saturday,Dinner,320,74.38,No,0,2,2.36,13.62
14-07-2024,Sunday,Lunch,250,88.8,No,0,4,4.77,14.82
14-07-2024,Sunday,Dinner,650,81.38,No,1,2,5.85,28.54
15-07-2024,Monday,Lunch,450,88.44,No,0,4,3.67,22.69
15-07-2024,Monday,Dinner,400,81.5,No,2,5,7.38,25.93
16-07-2024,Tuesday,Lunch,650,79.54,No,0,2,3.91,21.2
16-07-2024,Tuesday,Dinner,600,76.17,No,0,2,5.58,24.65
17-07-2024,Wednesday,Lunch,300,92.67,Yes,1,4,3.89,21.4
17-07-2024,Wednesday,Dinner,250,86.8,Yes,1,5,5.31,17.62
18-07-2024,Thursday,Lunch,400,87.75,No,0,3,2.71,16.48
18-07-2024,Thursday,Dinner,650,86.46,No,0,5,9.87,28.63
19-07-2024,Friday,Lunch,300,76.33,No,2,4,4.39,18.01
19-07-2024,Friday,Dinner,320,88.75,No,0,5,4.39,19.52
20-07-2024,Saturday,Lunch,250,86.4,No,0,4,3.66,11.3
20-07-2024,Saturday,Dinner,250,83.2,No,1,4,3.49,14.99
21-07-2024,Sunday,Lunch,320,72.19,No,0,3,3.02,9.44
21-07-2024,Sunday,Dinner,450,79.56,No,0,2,2.69,15.23
22-07-2024,Monday,Lunch,320,80,No,0,4,3.43,15.94
22-07-2024,Monday,Dinner,250,74.4,No,0,4,2.7,12.07
23-07-2024,Tuesday,Lunch,250,71.6,No,0,3,2.19,12.04
23-07-2024,Tuesday,Dinner,650,85.38,No,0,4,10.24,32.59
24-07-2024,Wednesday,Lunch,300,72.33,No,0,2,2,6.94
24-07-2024,Wednesday,Dinner,320,81.88,No,0,3,3.9,13.67
25-07-2024,Thursday,Lunch,300,88.67,No,1,2,3.54,12.13
25-07-2024,Thursday,Dinner,320,87.5,No,0,2,3.43,10.43
26-07-2024,Friday,Lunch,600,75.5,No,0,3,5.79,19.96
26-07-2024,Friday,Dinner,250,86.8,No,1,4,1.89,12.54
27-07-2024,Saturday,Lunch,650,70,No,1,2,4.75,19.71
27-07-2024,Saturday,Dinner,300,70.33,No,0,2,3.96,12.27
28-07-2024,Sunday,Lunch,320,81.88,No,2,2,5.49,16.3
28-07-2024,Sunday,Dinner,700,77.29,No,0,2,3.43,19.39
29-07-2024,Monday,Lunch,600,77.67,No,0,3,4.73,23.11
29-07-2024,Monday,Dinner,400,81.25,No,1,3,4.3,18.63
30-07-2024,Tuesday,Lunch,450,73.78,No,1,5,5.2,18.8
30-07-2024,Tuesday,Dinner,300,74,No,0,5,4.36,13.01
31-07-2024,Wednesday,Lunch,650,79.54,No,0,2,4.38,22.53
31-07-2024,Wednesday,Dinner,400,85,No,1,4,5.59,21.16
01-08-2024,Thursday,Lunch,700,82.29,No,0,2,4.14,19.78
01-08-2024,Thursday,Dinner,450,75.78,No,2,4,3.15,19.99
02-08-2024,Friday,Lunch,700,78.57,No,0,2,4.93,31.09
02-08-2024,Friday,Dinner,400,73.25,No,1,5,3.59,17.5
03-08-2024,Saturday,Lunch,450,71.33,No,1,5,4.41,23.42
03-08-2024,Saturday,Dinner,700,85.57,No,1,4,10.23,29.75
04-08-2024,Sunday,Lunch,650,75.23,No,1,2,4.1,22.57
04-08-2024,Sunday,Dinner,320,73.44,No,1,4,4.86,16.74
05-08-2024,Monday,Lunch,250,83.6,No,0,5,3.17,11.89
05-08-2024,Monday,Dinner,320,82.19,No,0,2,2.01,10.9
06-08-2024,Tuesday,Lunch,400,82.5,No,0,2,5.59,18.47
06-08-2024,Tuesday,Dinner,300,74.33,No,1,4,3.58,12.06
07-08-2024,Wednesday,Lunch,250,74.4,No,1,3,2.18,13.69
07-08-2024,Wednesday,Dinner,600,74.33,No,0,4,4.16,25.14
08-08-2024,Thursday,Lunch,650,73.38,No,0,5,7.64,24.31
08-08-2024,Thursday,Dinner,600,83,No,0,5,5.2,25.06
09-08-2024,Friday,Lunch,450,86.89,No,1,5,5.74,24.15
09-08-2024,Friday,Dinner,250,84.4,No,0,5,2.69,13.12
10-08-2024,Saturday,Lunch,600,85.83,No,1,5,7.69,34.77
10-08-2024,Saturday,Dinner,600,78,No,2,3,5.36,23.34
11-08-2024,Sunday,Lunch,700,83,No,0,2,6.17,24.97
11-08-2024,Sunday,Dinner,320,76.88,No,0,4,2.68,13.36
12-08-2024,Monday,Lunch,700,80.43,No,0,4,10.01,32.1
12-08-2024,Monday,Dinner,250,79.6,No,0,5,2.24,11.01
13-08-2024,Tuesday,Lunch,250,73.2,No,0,4,4.45,13.35
13-08-2024,Tuesday,Dinner,400,77.5,No,0,5,3.75,16.04
14-08-2024,Wednesday,Lunch,700,89.14,No,1,3,12.68,39.51
14-08-2024,Wednesday,Dinner,500,74.8,No,0,3,2.64,17.37
15-08-2024,Thursday,Lunch,320,86.56,Yes,0,2,3.68,18.3
15-08-2024,Thursday,Dinner,250,90.4,Yes,2,3,3.57,21.7
16-08-2024,Friday,Lunch,400,85.75,No,1,3,3.86,21.61
16-08-2024,Friday,Dinner,700,81.57,No,0,2,8.41,27.48
17-08-2024,Saturday,Lunch,320,83.44,No,1,4,1.98,12.28
17-08-2024,Saturday,Dinner,700,73.71,No,0,5,6.69,28.1
18-08-2024,Sunday,Lunch,600,82.33,No,1,5,6.51,32.42
18-08-2024,Sunday,Dinner,400,76.25,No,1,4,4.74,22.02
19-08-2024,Monday,Lunch,320,86.56,No,1,2,2.64,15.9
19-08-2024,Monday,Dinner,450,82.44,No,0,4,2.86,16.3
20-08-2024,Tuesday,Lunch,450,73.78,No,1,3,4.45,15.77
20-08-2024,Tuesday,Dinner,320,71.25,No,0,2,1.66,10.4
21-08-2024,Wednesday,Lunch,700,70.71,No,0,2,6.52,20.28
21-08-2024,Wednesday,Dinner,400,77.25,No,0,2,5.77,16.86
22-08-2024,Thursday,Lunch,450,75.11,No,0,5,5.6,17.01
22-08-2024,Thursday,Dinner,400,82.75,No,0,4,4.71,17.06
23-08-2024,Friday,Lunch,450,79.78,No,1,2,3.58,17.78
23-08-2024,Friday,Dinner,600,75.17,No,2,2,6.55,27.47
24-08-2024,Saturday,Lunch,700,72.86,No,0,2,8.41,24.4
24-08-2024,Saturday,Dinner,600,72.5,No,0,4,3.8,19.33
25-08-2024,Sunday,Lunch,450,87.11,No,0,5,6.52,21.83
25-08-2024,Sunday,Dinner,600,74.83,No,0,3,5.6,21.47
26-08-2024,Monday,Lunch,450,93.33,Yes,0,5,7.84,23.46
26-08-2024,Monday,Dinner,320,95.31,Yes,2,2,3.95,17.97
27-08-2024,Tuesday,Lunch,600,82.17,No,0,5,6.83,23.97
27-08-2024,Tuesday,Dinner,300,87,No,0,5,3.11,17.06
28-08-2024,Wednesday,Lunch,700,77.71,No,0,3,9.16,31.22
28-08-2024,Wednesday,Dinner,250,88.8,No,1,4,2.76,12.12
29-08-2024,Thursday,Lunch,500,72.6,No,1,4,4.95,19.56
29-08-2024,Thursday,Dinner,600,72,No,2,5,5.88,25.09
30-08-2024,Friday,Lunch,650,83.08,No,1,5,5.28,26.38
30-08-2024,Friday,Dinner,700,88.86,No,0,4,10.37,32.57
31-08-2024,Saturday,Lunch,300,86,No,0,4,1.71,11.06
31-08-2024,Saturday,Dinner,300,71.33,No,1,3,3.73,13.91
01-09-2024,Sunday,Lunch,450,75.56,No,0,2,2.62,17.08
01-09-2024,Sunday,Dinner,450,88.44,No,1,5,6.34,26.01
02-09-2024,Monday,Lunch,500,75,No,0,4,4.09,18.9
02-09-2024,Monday,Dinner,320,85.31,No,0,5,3.19,12.59
03-09-2024,Tuesday,Lunch,650,86.46,No,1,5,5.86,31.06
03-09-2024,Tuesday,Dinner,250,79.6,No,1,4,3.49,12.43
04-09-2024,Wednesday,Lunch,500,77.6,No,1,3,3.02,18.77
04-09-2024,Wednesday,Dinner,400,79,No,0,5,5.21,22.06
05-09-2024,Thursday,Lunch,250,74.4,No,1,3,1.98,13.09
05-09-2024,Thursday,Dinner,600,87.67,No,0,4,7.12,23.67
06-09-2024,Friday,Lunch,700,79,No,0,2,5.3,28.85
06-09-2024,Friday,Dinner,400,87.5,No,0,2,5.03,17.64
07-09-2024,Saturday,Lunch,400,72,No,0,5,4.89,14.28
07-09-2024,Saturday,Dinner,500,89.6,No,0,4,3.5,22.18
08-09-2024,Sunday,Lunch,320,78.75,No,0,3,4.75,15
08-09-2024,Sunday,Dinner,500,70.8,No,0,5,3.16,20.49
09-09-2024,Monday,Lunch,600,70.67,No,0,4,6.18,23.86
09-09-2024,Monday,Dinner,320,84.69,No,0,4,1.63,9.8
10-09-2024,Tuesday,Lunch,600,83.17,No,0,3,9.1,26.65
10-09-2024,Tuesday,Dinner,320,85.94,No,0,5,3.15,17.13
11-09-2024,Wednesday,Lunch,300,72,No,1,4,4.37,13.51
11-09-2024,Wednesday,Dinner,400,70.5,No,0,4,3.49,16.99
12-09-2024,Thursday,Lunch,650,80.15,No,0,4,9.48,29.01
12-09-2024,Thursday,Dinner,700,77.71,No,0,3,8.11,23.69
13-09-2024,Friday,Lunch,600,79.17,No,1,5,8.35,27.88
13-09-2024,Friday,Dinner,250,89.6,No,1,5,5.1,14.91
14-09-2024,Saturday,Lunch,320,89.38,No,1,5,7.26,22.74
14-09-2024,Saturday,Dinner,700,88.71,No,1,5,5.41,30.08
15-09-2024,Sunday,Lunch,250,85.6,No,0,2,3.09,9.79
15-09-2024,Sunday,Dinner,700,77,No,1,2,7.24,31
16-09-2024,Monday,Lunch,650,90.31,Yes,1,5,10.19,37.62
16-09-2024,Monday,Dinner,250,92,Yes,0,3,2.59,12.88
17-09-2024,Tuesday,Lunch,500,86.6,No,0,2,6.96,22.14
17-09-2024,Tuesday,Dinner,450,71.33,No,0,4,3.13,13.69
18-09-2024,Wednesday,Lunch,500,78.4,No,2,2,3.61,21.36
18-09-2024,Wednesday,Dinner,450,71.56,No,1,4,5.46,23.5
19-09-2024,Thursday,Lunch,500,80.2,No,1,5,6.72,22.65
19-09-2024,Thursday,Dinner,450,87.78,No,0,2,3.95,15.92
20-09-2024,Friday,Lunch,450,85.56,No,0,3,4.15,17.39
20-09-2024,Friday,Dinner,400,74.5,No,0,2,4.99,15.23
21-09-2024,Saturday,Lunch,320,89.38,No,0,2,2.99,14.17
21-09-2024,Saturday,Dinner,320,83.12,No,1,2,4.2,13.2
22-09-2024,Sunday,Lunch,400,70,No,1,5,5.89,21.79
22-09-2024,Sunday,Dinner,700,75,No,0,3,3.65,23.14
23-09-2024,Monday,Lunch,300,75,No,1,2,2.47,13.16
23-09-2024,Monday,Dinner,700,71.29,No,0,3,7.39,25.81
24-09-2024,Tuesday,Lunch,250,89.2,No,2,5,4.17,15.73
24-09-2024,Tuesday,Dinner,250,79.2,No,0,4,3.09,9.47
25-09-2024,Wednesday,Lunch,450,87.78,No,0,2,7.04,21.41
25-09-2024,Wednesday,Dinner,500,76.4,No,0,3,6.25,20.75
26-09-2024,Thursday,Lunch,500,72.4,No,0,3,5.14,16.8
26-09-2024,Thursday,Dinner,320,79.38,No,0,5,4.15,13.32
27-09-2024,Friday,Lunch,600,72.17,No,1,2,6.3,19.7
27-09-2024,Friday,Dinner,700,79.71,No,1,4,9.28,32.65
28-09-2024,Saturday,Lunch,650,88.31,No,1,3,7.03,23.19
28-09-2024,Saturday,Dinner,500,80.4,No,0,2,3.37,13.34
29-09-2024,Sunday,Lunch,650,82.31,No,1,4,11.43,34.04
29-09-2024,Sunday,Dinner,450,73.11,No,0,3,2.57,10.3
30-09-2024,Monday,Lunch,650,70.77,No,0,3,5.29,20.03
30-09-2024,Monday,Dinner,400,72,No,1,4,3.2,18.24
01-10-2024,Tuesday,Lunch,650,81.85,No,1,4,8.98,30.73
01-10-2024,Tuesday,Dinner,300,71.67,No,0,5,2.32,7.51
02-10-2024,Wednesday,Lunch,450,89.78,Yes,0,2,4.26,19.8
02-10-2024,Wednesday,Dinner,700,92.14,Yes,2,2,10.32,35.71
03-10-2024,Thursday,Lunch,400,77.75,No,0,5,2.53,13.65
03-10-2024,Thursday,Dinner,500,73.2,No,0,3,3.84,16.4
04-10-2024,Friday,Lunch,250,75.2,No,1,4,5.16,15.09
04-10-2024,Friday,Dinner,700,88.43,No,0,4,7.14,28.17
05-10-2024,Saturday,Lunch,250,83.2,No,0,4,2.04,11.54
05-10-2024,Saturday,Dinner,450,79.78,No,0,3,3.5,21.95
06-10-2024,Sunday,Lunch,400,70.25,No,1,4,4.97,15.87
06-10-2024,Sunday,Dinner,320,89.69,No,1,4,6.73,19.66
07-10-2024,Monday,Lunch,500,83.4,No,1,5,6.61,24.92
07-10-2024,Monday,Dinner,300,76.33,No,2,3,5.98,19.44
08-10-2024,Tuesday,Lunch,320,87.5,No,1,2,5.27,16.38
08-10-2024,Tuesday,Dinner,450,75.11,No,0,5,5.06,18.32
09-10-2024,Wednesday,Lunch,700,80.86,No,0,5,6.51,31.35
09-10-2024,Wednesday,Dinner,300,82.67,No,1,2,4.19,13.06
10-10-2024,Thursday,Lunch,650,74.31,No,1,5,9.76,28.62
10-10-2024,Thursday,Dinner,300,89.33,No,1,3,4.95,15.42
11-10-2024,Friday,Lunch,450,84.89,No,1,4,5.18,21.52
11-10-2024,Friday,Dinner,600,81,No,0,3,4.69,23.5
12-10-2024,Saturday,Lunch,650,87.23,Yes,0,2,7.33,29.76
12-10-2024,Saturday,Dinner,250,85.6,Yes,0,2,2.04,12.43
13-10-2024,Sunday,Lunch,500,76.4,No,0,5,6.4,24.48
13-10-2024,Sunday,Dinner,250,84.8,No,0,3,2.89,12.64
14-10-2024,Monday,Lunch,300,75.33,No,1,3,3.64,14.23
14-10-2024,Monday,Dinner,250,80.4,No,1,2,3.04,12.44
15-10-2024,Tuesday,Lunch,450,84.44,No,0,3,5.23,18.29
15-10-2024,Tuesday,Dinner,700,72.14,No,0,2,8.81,26.48
16-10-2024,Wednesday,Lunch,500,83.6,No,0,3,3.67,14.52
16-10-2024,Wednesday,Dinner,250,71.6,No,0,3,2.78,8.52
17-10-2024,Thursday,Lunch,250,89.2,No,1,3,2.96,12.85
17-10-2024,Thursday,Dinner,300,79.67,No,1,2,2.6,12.39
18-10-2024,Friday,Lunch,700,73,No,1,5,8.8,32.32
18-10-2024,Friday,Dinner,320,76.56,No,1,3,3.23,14.2
19-10-2024,Saturday,Lunch,250,78,No,1,2,2.96,11.27
19-10-2024,Saturday,Dinner,450,85.11,No,0,2,4.46,18.09
20-10-2024,Sunday,Lunch,600,84.83,No,0,3,7.68,26.33
20-10-2024,Sunday,Dinner,500,82.2,No,0,3,4.53,19.42
21-10-2024,Monday,Lunch,250,72,No,2,5,3.9,15.86
21-10-2024,Monday,Dinner,450,72.89,No,0,2,1.96,11.69
22-10-2024,Tuesday,Lunch,450,71.78,No,0,2,5.21,18.21
22-10-2024,Tuesday,Dinner,500,81.4,No,1,4,6.81,24.43
23-10-2024,Wednesday,Lunch,320,87.5,No,2,2,3.5,16.41
23-10-2024,Wednesday,Dinner,450,78.67,No,1,5,3.51,20.78
24-10-2024,Thursday,Lunch,600,73.17,No,0,4,3.05,19.35
24-10-2024,Thursday,Dinner,450,81.11,No,0,4,5.8,17.71
25-10-2024,Friday,Lunch,450,86.22,No,0,4,2.98,16.63
25-10-2024,Friday,Dinner,450,84.67,No,0,3,6.52,23.06
26-10-2024,Saturday,Lunch,320,87.5,No,0,3,3.43,11.18
26-10-2024,Saturday,Dinner,250,75.2,No,0,2,2.09,10.51
27-10-2024,Sunday,Lunch,450,73.78,No,2,4,7.93,24.07
27-10-2024,Sunday,Dinner,700,87.57,No,0,5,7.86,23.3
28-10-2024,Monday,Lunch,250,82.8,No,1,3,1.62,10.28
28-10-2024,Monday,Dinner,320,75.94,No,1,5,4.04,19.81
29-10-2024,Tuesday,Lunch,400,84.75,No,0,5,4.6,21.72
29-10-2024,Tuesday,Dinner,250,86,No,1,3,3.85,13.65
30-10-2024,Wednesday,Lunch,250,82,No,0,3,2.55,9.72
30-10-2024,Wednesday,Dinner,650,83.69,No,0,3,9.38,32.23
31-10-2024,Thursday,Lunch,300,89.67,Yes,1,3,4.92,21.29
31-10-2024,Thursday,Dinner,650,92,Yes,0,4,8.63,30.31
01-11-2024,Friday,Lunch,600,80.33,No,2,4,6.36,30.25
01-11-2024,Friday,Dinner,300,86.67,No,0,4,2.99,14.94
02-11-2024,Saturday,Lunch,500,86.8,No,1,4,4.54,23.58
02-11-2024,Saturday,Dinner,500,86.6,No,0,2,4.49,16.49
03-11-2024,Sunday,Lunch,320,70,No,0,4,3.81,12.46
03-11-2024,Sunday,Dinner,300,84.67,No,0,3,3.18,13.16
04-11-2024,Monday,Lunch,250,84.8,No,1,5,5.76,18.51
04-11-2024,Monday,Dinner,500,83.4,No,1,4,3.7,21.46
05-11-2024,Tuesday,Lunch,450,85.11,No,1,2,4.92,22.2
05-11-2024,Tuesday,Dinner,700,86.71,No,0,3,4.27,24.47
06-11-2024,Wednesday,Lunch,250,79.2,No,1,5,2.35,15.46
06-11-2024,Wednesday,Dinner,600,80,No,1,5,4.73,26.9
07-11-2024,Thursday,Lunch,450,72.44,No,1,4,5.13,19.64
07-11-2024,Thursday,Dinner,450,77.56,No,0,5,4.49,20.18
08-11-2024,Friday,Lunch,300,82.67,No,1,4,4.79,18.7
08-11-2024,Friday,Dinner,320,85.31,No,1,4,3.92,17.47
09-11-2024,Saturday,Lunch,600,74.33,No,0,3,6.55,19.69
09-11-2024,Saturday,Dinner,500,72.6,No,1,3,5.88,18.87
10-11-2024,Sunday,Lunch,300,83,No,1,2,4.87,14.22
10-11-2024,Sunday,Dinner,500,70,No,0,3,2.73,15.6
11-11-2024,Monday,Lunch,300,73.33,No,0,3,3.73,12.51
11-11-2024,Monday,Dinner,300,70.33,No,0,4,4.25,12.21
12-11-2024,Tuesday,Lunch,300,73.33,No,1,3,2.57,14.99
12-11-2024,Tuesday,Dinner,320,73.44,No,1,4,4.05,15.38
13-11-2024,Wednesday,Lunch,300,77.67,No,0,4,2.95,13.92
13-11-2024,Wednesday,Dinner,400,78,No,1,3,4.44,19.06
14-11-2024,Thursday,Lunch,700,87.43,No,1,2,4.85,28.05
14-11-2024,Thursday,Dinner,500,80.2,No,0,2,4.94,17.37
15-11-2024,Friday,Lunch,250,94.4,Yes,1,5,6.67,20.59
15-11-2024,Friday,Dinner,650,86.31,Yes,2,5,9.74,33.08
16-11-2024,Saturday,Lunch,600,74.5,No,1,3,3.93,22.87
16-11-2024,Saturday,Dinner,320,83.75,No,1,2,3.6,18.2
17-11-2024,Sunday,Lunch,250,70.8,No,2,4,3.35,18.93
17-11-2024,Sunday,Dinner,450,79.56,No,1,5,4.07,20.91
18-11-2024,Monday,Lunch,400,81.75,No,0,4,3.94,18.17
18-11-2024,Monday,Dinner,650,82,No,1,5,4.51,25.94
19-11-2024,Tuesday,Lunch,250,70.4,No,1,3,3.05,10.6
19-11-2024,Tuesday,Dinner,250,76.4,No,1,2,1.92,11.15
20-11-2024,Wednesday,Lunch,400,82.5,No,0,5,4.82,19.81
20-11-2024,Wednesday,Dinner,650,72.92,No,1,2,9.16,27.8
21-11-2024,Thursday,Lunch,450,83.78,No,0,4,6.33,18.3
21-11-2024,Thursday,Dinner,300,84.67,No,2,3,4.02,20.14
22-11-2024,Friday,Lunch,500,89.6,No,0,2,5.5,18.19
22-11-2024,Friday,Dinner,450,74,No,0,3,3.09,14.37
23-11-2024,Saturday,Lunch,300,86.33,No,0,2,1.72,10.09
23-11-2024,Saturday,Dinner,320,80.31,No,0,4,3.44,11.61
24-11-2024,Sunday,Lunch,700,77.43,No,1,4,4.64,29.32
24-11-2024,Sunday,Dinner,600,72.33,No,2,3,4.9,25.66
25-11-2024,Monday,Lunch,600,84.67,No,1,4,4.61,26.2
25-11-2024,Monday,Dinner,500,74.6,No,0,5,6.01,18.19
26-11-2024,Tuesday,Lunch,650,77.38,No,0,2,4.21,17.11
26-11-2024,Tuesday,Dinner,400,71.25,No,1,4,3.33,18.84
27-11-2024,Wednesday,Lunch,650,86,No,2,5,6.81,38.2
27-11-2024,Wednesday,Dinner,400,85.25,No,0,3,4.94,16.77
28-11-2024,Thursday,Lunch,650,84.62,No,0,5,9.14,32.13
28-11-2024,Thursday,Dinner,700,75.86,No,0,3,4.48,26.56
29-11-2024,Friday,Lunch,320,73.44,No,1,3,4.33,14.95
29-11-2024,Friday,Dinner,320,82.5,No,1,2,2.42,12.22
30-11-2024,Saturday,Lunch,300,79.67,No,0,2,3,9.93
30-11-2024,Saturday,Dinner,320,73.44,No,0,5,5.36,16.64
01-12-2024,Sunday,Lunch,320,83.44,No,1,2,3.25,17.64
01-12-2024,Sunday,Dinner,450,89.78,No,0,2,3.9,15.06
02-12-2024,Monday,Lunch,450,84.89,No,0,2,4.9,18.71
02-12-2024,Monday,Dinner,300,84.67,No,1,5,3.08,17.54
03-12-2024,Tuesday,Lunch,500,89,No,0,4,5.18,23.85
03-12-2024,Tuesday,Dinner,450,74,No,0,2,2.54,16.36
04-12-2024,Wednesday,Lunch,500,81.2,No,1,2,5.64,17.39
04-12-2024,Wednesday,Dinner,250,89.2,No,1,5,3.37,13.61
05-12-2024,Thursday,Lunch,450,73.11,No,1,4,5.41,22.17
05-12-2024,Thursday,Dinner,700,84,No,1,2,4.61,30.34
06-12-2024,Friday,Lunch,300,81.67,No,1,3,4.93,15.27
06-12-2024,Friday,Dinner,250,81.6,No,1,5,3.51,12.91
07-12-2024,Saturday,Lunch,700,83.86,No,0,2,6.95,27.78
07-12-2024,Saturday,Dinner,700,88.57,No,1,2,3.99,24.45
08-12-2024,Sunday,Lunch,700,85.57,No,2,3,7.8,37.46
08-12-2024,Sunday,Dinner,500,71,No,0,3,4.66,15.56
09-12-2024,Monday,Lunch,650,86.92,No,0,5,4.94,24.09
09-12-2024,Monday,Dinner,250,74.4,No,0,5,3.85,12.06
10-12-2024,Tuesday,Lunch,400,77.5,No,0,3,2.54,15.56
10-12-2024,Tuesday,Dinner,250,79.2,No,0,5,3.43,11.25
11-12-2024,Wednesday,Lunch,650,79.54,No,1,3,5.83,31.85
11-12-2024,Wednesday,Dinner,250,78.4,No,2,2,4.47,13.48
12-12-2024,Thursday,Lunch,320,88.75,No,0,3,2.12,14.09
12-12-2024,Thursday,Dinner,400,84,No,0,3,3.95,19.42
13-12-2024,Friday,Lunch,650,82.62,No,0,4,7.96,26.93
13-12-2024,Friday,Dinner,500,71,No,1,3,5.13,19.83
14-12-2024,Saturday,Lunch,600,88,No,0,3,4.62,21.81
14-12-2024,Saturday,Dinner,650,88.15,No,0,4,7.27,24.54
15-12-2024,Sunday,Lunch,300,85.33,No,0,5,5.81,18.24
15-12-2024,Sunday,Dinner,650,70,No,0,4,5.13,19.99
16-12-2024,Monday,Lunch,320,70.94,No,0,2,3.2,11.77
16-12-2024,Monday,Dinner,600,74.5,No,1,4,4.53,28.25
17-12-2024,Tuesday,Lunch,320,72.5,No,1,2,4.72,15.39
17-12-2024,Tuesday,Dinner,600,77.83,No,1,5,5.57,23.83
18-12-2024,Wednesday,Lunch,300,88.33,No,0,4,1.74,11.3
18-12-2024,Wednesday,Dinner,500,79.4,No,1,4,8.95,26.47
19-12-2024,Thursday,Lunch,320,70,No,1,5,2.65,14.9
19-12-2024,Thursday,Dinner,320,75.62,No,0,2,3.39,10.12
20-12-2024,Friday,Lunch,700,70.86,No,1,4,6.8,30.64
20-12-2024,Friday,Dinner,600,70.67,No,0,2,7.39,22.98
21-12-2024,Saturday,Lunch,450,75.33,No,1,4,2.97,14.64
21-12-2024,Saturday,Dinner,600,75.5,No,0,3,5.71,20.23
22-12-2024,Sunday,Lunch,700,85.71,No,2,4,6.7,29.33
22-12-2024,Sunday,Dinner,250,89.2,No,0,5,3.51,15.18
23-12-2024,Monday,Lunch,600,77.33,No,1,5,9.05,26.54
23-12-2024,Monday,Dinner,500,78.4,No,1,2,6.97,21.66
24-12-2024,Tuesday,Lunch,700,86.86,No,1,4,10.09,31.61
24-12-2024,Tuesday,Dinner,250,75.2,No,0,2,0.96,5.86
25-12-2024,Wednesday,Lunch,400,87,Yes,0,2,3.91,19.39
25-12-2024,Wednesday,Dinner,700,96,Yes,1,3,8.62,41.31
26-12-2024,Thursday,Lunch,400,70.75,No,0,3,3.63,10.67
26-12-2024,Thursday,Dinner,320,82.19,No,0,5,5.16,14.76
27-12-2024,Friday,Lunch,700,81.14,No,1,2,4.92,25.47
27-12-2024,Friday,Dinner,300,76.67,No,1,5,4.36,14.03
28-12-2024,Saturday,Lunch,400,76.25,No,0,4,3.15,14.88
28-12-2024,Saturday,Dinner,500,85.4,No,0,2,2.62,17.25
29-12-2024,Sunday,Lunch,300,71.67,No,0,2,1.82,12.1
29-12-2024,Sunday,Dinner,650,74.62,No,1,4,7.13,28.81
30-12-2024,Monday,Lunch,650,84.62,No,1,4,6.58,29.37
30-12-2024,Monday,Dinner,250,80.8,No,1,5,2.86,12.49
31-12-2024,Tuesday,Lunch,320,72.5,No,2,5,3.83,22.45
31-12-2024,Tuesday,Dinner,700,87.57,No,0,4,11.01,34.76
01-01-2025,Wednesday,Lunch,450,77.78,No,0,5,4.46,18.33
01-01-2025,Wednesday,Dinner,500,86.4,No,0,4,6.32,20.25
02-01-2025,Thursday,Lunch,400,85.75,No,0,2,3.36,15.17
02-01-2025,Thursday,Dinner,300,82.33,No,2,2,3.93,15.77
03-01-2025,Friday,Lunch,650,79.85,No,1,3,7.4,26.41
03-01-2025,Friday,Dinner,500,89.4,No,0,2,5.48,22.99
04-01-2025,Saturday,Lunch,450,72.89,No,0,4,4.23,17.13
04-01-2025,Saturday,Dinner,700,84.43,No,1,5,12.53,36.62
05-01-2025,Sunday,Lunch,250,73.6,No,1,3,1.28,7.87
05-01-2025,Sunday,Dinner,450,76.67,No,0,5,3.5,19
06-01-2025,Monday,Lunch,500,76,No,2,4,7.92,23.94
06-01-2025,Monday,Dinner,450,88.89,No,1,2,7.03,24.48
07-01-2025,Tuesday,Lunch,500,89.2,No,0,3,5.02,19.7
07-01-2025,Tuesday,Dinner,500,73.6,No,1,4,2.73,18.05
08-01-2025,Wednesday,Lunch,600,70.33,No,0,3,4.67,19.32
08-01-2025,Wednesday,Dinner,400,84.25,No,2,3,6.27,20.91
09-01-2025,Thursday,Lunch,650,78.31,No,2,2,9.05,32.59
09-01-2025,Thursday,Dinner,600,71.67,No,1,4,7.23,22.63
10-01-2025,Friday,Lunch,700,83.57,No,1,5,7.27,23.1
10-01-2025,Friday,Dinner,600,80.83,No,0,3,7.35,23.23
11-01-2025,Saturday,Lunch,320,89.38,No,2,3,4.08,17.36
11-01-2025,Saturday,Dinner,320,74.38,No,1,5,3.25,15.73
12-01-2025,Sunday,Lunch,650,78,No,1,4,5.68,27.37
12-01-2025,Sunday,Dinner,450,80.67,No,2,3,2.75,17.61
13-01-2025,Monday,Lunch,400,85.75,No,2,3,6.73,23.09
13-01-2025,Monday,Dinner,650,80.92,No,1,3,6.24,28.06
14-01-2025,Tuesday,Lunch,500,82.2,No,0,4,5.28,17.76
14-01-2025,Tuesday,Dinner,300,74.33,No,2,4,4.17,15.55
15-01-2025,Wednesday,Lunch,400,86.75,No,1,5,5.53,16.69
15-01-2025,Wednesday,Dinner,400,78.5,No,2,4,6.24,21.44
16-01-2025,Thursday,Lunch,500,72.8,No,1,4,3.81,17.32
16-01-2025,Thursday,Dinner,500,83.2,No,0,2,5.22,21.72
17-01-2025,Friday,Lunch,250,74,No,0,5,2.01,9.2
17-01-2025,Friday,Dinner,650,71.85,No,1,3,6.54,30.45
18-01-2025,Saturday,Lunch,500,87.2,No,1,4,6.06,20.02
18-01-2025,Saturday,Dinner,320,79.06,No,0,3,3.5,11.64
19-01-2025,Sunday,Lunch,700,84.86,No,1,3,7.95,28.07
19-01-2025,Sunday,Dinner,300,75.67,No,0,2,1.79,8.55
20-01-2025,Monday,Lunch,650,85.69,No,1,4,5.32,26.97
20-01-2025,Monday,Dinner,320,72.19,No,0,5,2.36,13.32
21-01-2025,Tuesday,Lunch,450,77.11,No,0,4,4.8,18.01
21-01-2025,Tuesday,Dinner,500,89.4,No,0,3,4.93,17.41
22-01-2025,Wednesday,Lunch,500,85.8,No,0,5,4.42,20.05
22-01-2025,Wednesday,Dinner,400,79.75,No,0,4,2.87,16.4
23-01-2025,Thursday,Lunch,320,76.56,No,0,3,1.87,11.53
23-01-2025,Thursday,Dinner,400,87.25,No,0,3,4.35,18.25
24-01-2025,Friday,Lunch,250,80.8,No,2,2,4.01,16.66
24-01-2025,Friday,Dinner,400,85,No,1,2,4.94,16.77
25-01-2025,Saturday,Lunch,250,84.8,No,0,2,2.86,10.32
25-01-2025,Saturday,Dinner,250,70,No,2,3,3.45,13.15
26-01-2025,Sunday,Lunch,500,86.6,Yes,0,4,7.65,22.71
26-01-2025,Sunday,Dinner,450,93.56,Yes,1,2,4.7,28.95
27-01-2025,Monday,Lunch,400,73,No,1,4,3.12,16.85
27-01-2025,Monday,Dinner,320,75,No,0,2,2.1,13.09
28-01-2025,Tuesday,Lunch,250,88.8,No,0,5,3.72,17.07
28-01-2025,Tuesday,Dinner,500,81.2,No,0,5,5.05,17.56
29-01-2025,Wednesday,Lunch,300,85,No,0,2,1.48,9.49
29-01-2025,Wednesday,Dinner,650,81.08,No,1,3,10.9,31.61
30-01-2025,Thursday,Lunch,450,80.89,No,0,2,4.34,13.67
30-01-2025,Thursday,Dinner,600,71.83,No,0,2,5.83,21.71
31-01-2025,Friday,Lunch,300,76.67,No,0,3,3.73,12.61
31-01-2025,Friday,Dinner,650,75.54,No,0,5,3.41,20.95
01-02-2025,Saturday,Lunch,300,77.67,No,1,4,2.8,16.21
01-02-2025,Saturday,Dinner,400,85.75,No,0,2,5,15.87
02-02-2025,Sunday,Lunch,250,77.2,No,1,3,2.57,13.95
02-02-2025,Sunday,Dinner,450,78.89,No,0,2,5.18,19.73
03-02-2025,Monday,Lunch,700,77.86,No,0,3,6.29,22.67
03-02-2025,Monday,Dinner,250,71.6,No,1,4,3.52,13.74
04-02-2025,Tuesday,Lunch,700,78.71,No,0,4,6.51,23.96
04-02-2025,Tuesday,Dinner,650,73.85,No,1,5,6.69,23.96
05-02-2025,Wednesday,Lunch,500,73.6,No,1,3,5.94,19.48
05-02-2025,Wednesday,Dinner,600,71.83,No,0,3,6.24,19.67
06-02-2025,Thursday,Lunch,320,76.88,No,0,5,4.21,14.72
06-02-2025,Thursday,Dinner,250,84.8,No,0,5,4.16,13.51
07-02-2025,Friday,Lunch,450,75.33,No,0,3,3.34,16.68
07-02-2025,Friday,Dinner,300,76,No,0,5,3.82,16.57
08-02-2025,Saturday,Lunch,450,82.67,No,0,4,3.76,15.55
08-02-2025,Saturday,Dinner,650,73.85,No,0,2,6.57,24.02
09-02-2025,Sunday,Lunch,700,87.86,No,1,4,5.51,31.9
09-02-2025,Sunday,Dinner,300,80.33,No,1,5,4.89,15.68
10-02-2025,Monday,Lunch,320,78.75,No,1,3,2.59,13.02
10-02-2025,Monday,Dinner,320,80.94,No,0,3,3.54,13.33
11-02-2025,Tuesday,Lunch,250,73.2,No,0,4,3.01,12.74
11-02-2025,Tuesday,Dinner,650,82.15,No,1,3,7.01,27.66
12-02-2025,Wednesday,Lunch,500,77.2,No,1,5,4.21,24.46
12-02-2025,Wednesday,Dinner,650,87.85,No,1,4,12.11,35.79
13-02-2025,Thursday,Lunch,700,73.29,No,0,3,6.63,21.21
13-02-2025,Thursday,Dinner,450,80,No,1,2,3.84,18.71
14-02-2025,Friday,Lunch,320,81.88,No,1,2,4.42,17.48
14-02-2025,Friday,Dinner,450,70.67,No,0,5,4.03,15.84
15-02-2025,Saturday,Lunch,450,77.11,No,0,3,4.54,14.71
15-02-2025,Saturday,Dinner,450,84.44,No,1,5,7.99,24.91
16-02-2025,Sunday,Lunch,320,86.25,No,0,4,2.54,14.92
16-02-2025,Sunday,Dinner,400,76.25,No,0,2,5.33,16.06
17-02-2025,Monday,Lunch,700,85.86,No,1,4,6.48,35.7
17-02-2025,Monday,Dinner,700,89.29,No,2,3,8.22,26.53
18-02-2025,Tuesday,Lunch,300,87,No,0,5,4.01,12.92
18-02-2025,Tuesday,Dinner,650,72.31,No,0,5,4.83,20.96
19-02-2025,Wednesday,Lunch,650,84.77,No,0,5,7.13,30.28
19-02-2025,Wednesday,Dinner,600,76.33,No,1,4,7.78,29.14
20-02-2025,Thursday,Lunch,650,89.69,No,0,2,8,27.77
20-02-2025,Thursday,Dinner,320,79.69,No,2,4,4.1,16.75
21-02-2025,Friday,Lunch,500,72.4,No,0,4,5.58,20.73
21-02-2025,Friday,Dinner,250,84.4,No,0,3,1.99,7.9
22-02-2025,Saturday,Lunch,600,76.33,No,1,3,6.29,22.73
22-02-2025,Saturday,Dinner,250,89.6,No,1,3,2.71,14.09
23-02-2025,Sunday,Lunch,700,89.57,No,0,2,9.08,26.97
23-02-2025,Sunday,Dinner,250,82.8,No,0,2,1.81,7.05
24-02-2025,Monday,Lunch,250,72.4,No,2,3,2.07,13.29
24-02-2025,Monday,Dinner,600,83.67,No,0,3,7.52,28.05
25-02-2025,Tuesday,Lunch,300,71.67,No,1,2,2.21,12.04
25-02-2025,Tuesday,Dinner,450,70.44,No,0,5,3.38,17.28
26-02-2025,Wednesday,Lunch,650,95.69,Yes,1,2,10.73,33.67
26-02-2025,Wednesday,Dinner,650,87.69,Yes,1,2,7.66,30.5
27-02-2025,Thursday,Lunch,320,77.5,No,0,2,2.34,9.25
27-02-2025,Thursday,Dinner,600,89.33,No,1,3,6.09,27.04
28-02-2025,Friday,Lunch,320,76.56,No,0,5,3.83,13.87
28-02-2025,Friday,Dinner,500,75.8,No,0,2,5.67,18.4
01-03-2025,Saturday,Lunch,500,88.2,No,1,3,7.69,24.44
01-03-2025,Saturday,Dinner,320,72.19,No,0,4,2.3,11.43
02-03-2025,Sunday,Lunch,600,85.17,No,1,4,3.93,24.38
02-03-2025,Sunday,Dinner,320,89.69,No,0,2,2.6,14.86
03-03-2025,Monday,Lunch,650,88,No,0,4,4.77,26.82
03-03-2025,Monday,Dinner,400,83,No,0,5,4.35,16.95
04-03-2025,Tuesday,Lunch,250,76,No,0,4,2.26,11.69
04-03-2025,Tuesday,Dinner,400,75,No,0,4,3.91,19.32
05-03-2025,Wednesday,Lunch,600,86.33,No,1,5,5.21,28.06
05-03-2025,Wednesday,Dinner,400,87.5,No,2,2,4.69,21.95
06-03-2025,Thursday,Lunch,500,80.4,No,1,2,3.19,19.3
06-03-2025,Thursday,Dinner,700,74.86,No,0,5,11.54,33.03
07-03-2025,Friday,Lunch,250,72,No,0,5,3.04,9.03
07-03-2025,Friday,Dinner,450,71.56,No,0,5,5.95,21.6
08-03-2025,Saturday,Lunch,600,84.33,No,0,4,6.9,28.86
08-03-2025,Saturday,Dinner,250,78.4,No,1,5,2.35,14.02
09-03-2025,Sunday,Lunch,400,88,No,0,3,2.54,15.62
09-03-2025,Sunday,Dinner,500,84.6,No,0,4,4.64,20.23
10-03-2025,Monday,Lunch,300,73.67,No,2,2,4.63,13.98
10-03-2025,Monday,Dinner,450,82.22,No,0,2,3.76,16.99
11-03-2025,Tuesday,Lunch,250,78.4,No,0,2,1.95,8.06
11-03-2025,Tuesday,Dinner,500,81.4,No,0,4,6.65,20.1
12-03-2025,Wednesday,Lunch,500,84.6,No,0,3,3.17,17.83
12-03-2025,Wednesday,Dinner,400,86,No,1,5,6.17,21.36
13-03-2025,Thursday,Lunch,650,86.77,No,0,5,6.19,27.32
13-03-2025,Thursday,Dinner,400,75,No,0,2,2.75,11.99
14-03-2025,Friday,Lunch,650,70.62,No,0,2,4.32,20.68
14-03-2025,Friday,Dinner,650,84.77,No,0,4,8.96,30.16
15-03-2025,Saturday,Lunch,450,72,No,0,3,1.7,10.61
15-03-2025,Saturday,Dinner,400,76.25,No,1,5,5.46,19.99
16-03-2025,Sunday,Lunch,300,70,No,1,4,4.65,15.21
16-03-2025,Sunday,Dinner,320,83.44,No,1,5,2.86,17.75
17-03-2025,Monday,Lunch,320,73.12,No,0,2,2.37,8.7
17-03-2025,Monday,Dinner,400,83,No,1,5,4.47,20.54
18-03-2025,Tuesday,Lunch,400,89.75,No,1,3,4.93,17.8
18-03-2025,Tuesday,Dinner,450,71.33,No,0,3,3.93,15.41
19-03-2025,Wednesday,Lunch,400,71.5,No,1,2,3.34,15.7
19-03-2025,Wednesday,Dinner,650,76.77,No,0,3,5.15,19.14
20-03-2025,Thursday,Lunch,500,87.2,No,0,3,3.85,18.25
20-03-2025,Thursday,Dinner,500,74.2,No,1,4,8.23,25.97
21-03-2025,Friday,Lunch,650,77.08,No,0,5,6.58,18.97
21-03-2025,Friday,Dinner,600,71.33,No,1,2,2.85,17.6
22-03-2025,Saturday,Lunch,650,85.23,No,0,2,8.36,23.89
22-03-2025,Saturday,Dinner,300,78,No,1,2,2.06,11.45
23-03-2025,Sunday,Lunch,700,85.14,No,2,2,11.34,32.92
23-03-2025,Sunday,Dinner,250,88,No,1,2,1.57,8.69
24-03-2025,Monday,Lunch,650,74.62,No,0,3,6.24,28.25
24-03-2025,Monday,Dinner,400,86,No,0,4,5.28,15.18
25-03-2025,Tuesday,Lunch,400,71,No,0,2,2.56,10.6
25-03-2025,Tuesday,Dinner,450,87.78,No,0,4,6.37,20.09
26-03-2025,Wednesday,Lunch,650,82.92,No,0,4,5.39,25.28
26-03-2025,Wednesday,Dinner,450,87.33,No,1,3,5.06,22.53
27-03-2025,Thursday,Lunch,650,70,No,1,2,7.5,24.94
27-03-2025,Thursday,Dinner,250,73.2,No,2,3,2.29,9.15
28-03-2025,Friday,Lunch,700,77.71,No,0,2,8.6,27.19
28-03-2025,Friday,Dinner,500,77.4,No,0,3,4.57,18.83
29-03-2025,Saturday,Lunch,320,74.38,No,0,4,3.11,12.01
29-03-2025,Saturday,Dinner,650,77.54,No,2,2,8.34,31.17
30-03-2025,Sunday,Lunch,700,72.57,No,1,5,7.61,24.21
30-03-2025,Sunday,Dinner,500,78.2,No,1,4,3.64,18.82
31-03-2025,Monday,Lunch,600,95.33,Yes,2,5,8.57,38.47
31-03-2025,Monday,Dinner,250,91.2,Yes,1,4,5.75,16.78
01-04-2025,Tuesday,Lunch,450,70.22,No,0,3,3.56,13.16
01-04-2025,Tuesday,Dinner,450,78.22,No,0,2,3.52,18.34
02-04-2025,Wednesday,Lunch,400,70.5,No,1,4,4.02,17.55
02-04-2025,Wednesday,Dinner,500,89.2,No,0,3,6.21,21.35
03-04-2025,Thursday,Lunch,600,72.5,No,0,2,4.98,17.87
03-04-2025,Thursday,Dinner,700,84.14,No,2,2,9.13,28.72
04-04-2025,Friday,Lunch,250,89.2,No,2,4,2.22,14.6
04-04-2025,Friday,Dinner,500,86.4,No,1,2,7.48,23.06
05-04-2025,Saturday,Lunch,600,83.83,No,1,4,6.57,22.45
05-04-2025,Saturday,Dinner,320,86.56,No,1,2,2.41,10.41
06-04-2025,Sunday,Lunch,650,89.54,No,0,5,4.47,27.32
06-04-2025,Sunday,Dinner,450,82.22,No,0,3,4.27,17.86
07-04-2025,Monday,Lunch,700,81.14,No,1,5,10.01,30.06
07-04-2025,Monday,Dinner,450,82.44,No,1,4,3.27,12.86
08-04-2025,Tuesday,Lunch,700,80.57,No,0,5,10.13,32.09
08-04-2025,Tuesday,Dinner,400,82.5,No,2,4,3.26,13.39
09-04-2025,Wednesday,Lunch,700,79,No,0,2,7.06,24.25
09-04-2025,Wednesday,Dinner,450,74.22,No,0,2,2.56,12.45
10-04-2025,Thursday,Lunch,700,86.43,Yes,1,4,8.85,37.59
10-04-2025,Thursday,Dinner,320,85.62,Yes,0,5,4.02,19.24
11-04-2025,Friday,Lunch,400,75.25,No,0,2,4.25,15.71
11-04-2025,Friday,Dinner,700,70.86,No,0,3,4.6,27.26
12-04-2025,Saturday,Lunch,500,81.2,No,1,2,6.87,19.76
12-04-2025,Saturday,Dinner,300,75.67,No,0,3,2.18,8.88
13-04-2025,Sunday,Lunch,600,86.33,No,1,5,11.14,33.41
13-04-2025,Sunday,Dinner,300,71.33,No,1,3,2.28,10.29
14-04-2025,Monday,Lunch,300,74.33,No,0,3,3.23,12.16
14-04-2025,Monday,Dinner,250,84.4,No,2,3,4.36,15.57
15-04-2025,Tuesday,Lunch,320,81.88,No,0,3,3.4,12.71
15-04-2025,Tuesday,Dinner,500,71.2,No,2,2,7.32,21.98
16-04-2025,Wednesday,Lunch,650,87.54,No,1,3,4.76,23.66
16-04-2025,Wednesday,Dinner,700,87.43,No,2,2,5.23,24.48
17-04-2025,Thursday,Lunch,600,76.5,No,0,3,4.07,23.55
17-04-2025,Thursday,Dinner,400,76.75,No,0,4,4.31,15.15
18-04-2025,Friday,Lunch,500,97.8,Yes,0,5,8.78,35.14
18-04-2025,Friday,Dinner,450,93.11,Yes,0,3,4.76,19.37
19-04-2025,Saturday,Lunch,650,80.62,No,1,4,7.12,23.06
19-04-2025,Saturday,Dinner,250,86.4,No,0,3,1.63,8.93
20-04-2025,Sunday,Lunch,250,75.6,No,1,3,3.2,13.26
20-04-2025,Sunday,Dinner,500,78.4,No,0,3,4.3,18.23
21-04-2025,Monday,Lunch,300,75.33,No,0,4,4.26,14.02
21-04-2025,Monday,Dinner,450,85.78,No,1,5,6.29,22.33
22-04-2025,Tuesday,Lunch,250,81.2,No,0,4,3.17,9.95
22-04-2025,Tuesday,Dinner,600,83.17,No,1,5,10.51,30.29
23-04-2025,Wednesday,Lunch,250,74.8,No,1,3,2.19,6.47
23-04-2025,Wednesday,Dinner,400,74.25,No,1,2,3.18,14.37
24-04-2025,Thursday,Lunch,700,79.71,No,0,3,7.35,29.97
24-04-2025,Thursday,Dinner,250,84.4,No,1,5,3.56,13.87
25-04-2025,Friday,Lunch,400,80.5,No,2,4,3.44,20.1
25-04-2025,Friday,Dinner,500,70.6,No,1,3,3.77,22.3
26-04-2025,Saturday,Lunch,500,87.2,No,0,4,4.12,24.88
26-04-2025,Saturday,Dinner,650,71.23,No,1,4,8.13,27.82
27-04-2025,Sunday,Lunch,250,88.8,No,1,4,3.29,16.66
27-04-2025,Sunday,Dinner,600,70.5,No,1,3,6.3,26.72
28-04-2025,Monday,Lunch,250,83.6,No,0,4,2.14,10.59
28-04-2025,Monday,Dinner,600,71.5,No,0,4,7.54,23.15
29-04-2025,Tuesday,Lunch,320,88.12,No,1,3,4.48,16
29-04-2025,Tuesday,Dinner,650,79.23,No,0,4,9.83,28.4
30-04-2025,Wednesday,Lunch,320,72.5,No,1,3,2.12,13.9
30-04-2025,Wednesday,Dinner,250,76.8,No,0,5,2.08,12.97
01-05-2025,Thursday,Lunch,650,73.23,No,1,5,9.17,26.24
01-05-2025,Thursday,Dinner,320,73.12,No,0,5,3.91,12.68
02-05-2025,Friday,Lunch,300,88.67,No,0,4,2.52,15.9
02-05-2025,Friday,Dinner,250,78.8,No,2,2,5.65,16.61
03-05-2025,Saturday,Lunch,320,85.62,No,1,2,3.84,16.68
03-05-2025,Saturday,Dinner,300,82.67,No,1,4,4.58,15.49
04-05-2025,Sunday,Lunch,300,83.33,No,0,2,3.73,12.27
04-05-2025,Sunday,Dinner,500,72.6,No,1,3,3.87,19.15
05-05-2025,Monday,Lunch,250,74.4,No,1,2,2.96,11.19
05-05-2025,Monday,Dinner,300,85.67,No,1,4,5.82,19.86
06-05-2025,Tuesday,Lunch,500,89.4,No,0,4,3.9,20.22
06-05-2025,Tuesday,Dinner,320,75,No,1,3,4.48,14.5
07-05-2025,Wednesday,Lunch,400,75.25,No,1,5,6.48,21.7
07-05-2025,Wednesday,Dinner,250,79.2,No,2,4,2.97,13.58
08-05-2025,Thursday,Lunch,650,89.54,No,0,3,7.73,34.49
08-05-2025,Thursday,Dinner,600,75.33,No,1,2,3.06,16.98
09-05-2025,Friday,Lunch,600,78,No,1,2,4.66,22.08
09-05-2025,Friday,Dinner,320,87.81,No,0,3,2.57,13.04
10-05-2025,Saturday,Lunch,320,70,No,0,3,2.72,12.82
10-05-2025,Saturday,Dinner,300,70.67,No,0,4,3.22,14.18
11-05-2025,Sunday,Lunch,250,82,No,0,2,3.17,11.11
11-05-2025,Sunday,Dinner,600,88,No,0,3,3.72,22.12
12-05-2025,Monday,Lunch,600,88,Yes,1,2,9.99,29.78
12-05-2025,Monday,Dinner,300,91,Yes,1,3,5.34,18.11
13-05-2025,Tuesday,Lunch,600,79,No,1,2,8.21,27
13-05-2025,Tuesday,Dinner,650,79.38,No,2,5,8.29,30.72
14-05-2025,Wednesday,Lunch,250,82.4,No,0,4,2.56,8.09
14-05-2025,Wednesday,Dinner,700,79.29,No,0,2,7.13,31.3
15-05-2025,Thursday,Lunch,600,78.83,No,1,5,7,24.73
15-05-2025,Thursday,Dinner,320,79.38,No,0,2,2.82,11.49
16-05-2025,Friday,Lunch,650,81.69,No,0,2,8.99,26.47
16-05-2025,Friday,Dinner,600,80.67,No,0,5,7.5,25.71
17-05-2025,Saturday,Lunch,650,87.08,No,0,2,4.23,22.77
17-05-2025,Saturday,Dinner,500,70.8,No,1,2,7.68,22.74
18-05-2025,Sunday,Lunch,700,86.57,No,0,4,6.77,25.1
18-05-2025,Sunday,Dinner,450,86.67,No,0,5,4.9,18.71
19-05-2025,Monday,Lunch,320,75.62,No,0,5,5.18,15.36
19-05-2025,Monday,Dinner,320,79.06,No,1,3,2.71,13.18
20-05-2025,Tuesday,Lunch,250,78.4,No,0,2,3.38,9.79
20-05-2025,Tuesday,Dinner,650,74.31,No,1,4,6.45,30.39
21-05-2025,Wednesday,Lunch,300,77.67,No,0,2,1.63,10.7
21-05-2025,Wednesday,Dinner,320,70.62,No,0,2,2.5,11.19
22-05-2025,Thursday,Lunch,650,75.54,No,1,3,6.55,22.61
22-05-2025,Thursday,Dinner,650,86.31,No,0,2,4.6,24.54
23-05-2025,Friday,Lunch,400,75.5,No,0,4,3.3,18.91
23-05-2025,Friday,Dinner,400,86.25,No,0,4,6.58,20.21
24-05-2025,Saturday,Lunch,450,80.44,No,2,3,4.5,23.87
24-05-2025,Saturday,Dinner,500,87.6,No,0,2,4.46,16.11
25-05-2025,Sunday,Lunch,450,81.33,No,1,4,4.93,22.47
25-05-2025,Sunday,Dinner,600,70.5,No,0,2,6.04,22.06
26-05-2025,Monday,Lunch,300,83.33,No,0,2,1.85,8.44
26-05-2025,Monday,Dinner,600,70.83,No,0,2,4.31,21.2
27-05-2025,Tuesday,Lunch,600,79,No,2,3,6.18,24.94
27-05-2025,Tuesday,Dinner,250,88.4,No,0,2,2.31,8.95
28-05-2025,Wednesday,Lunch,600,73.17,No,0,4,5.21,25.19
28-05-2025,Wednesday,Dinner,450,77.78,No,0,2,3.68,12.28
29-05-2025,Thursday,Lunch,320,84.38,No,0,4,5.18,18.08
29-05-2025,Thursday,Dinner,320,87.5,No,0,2,4.2,13.24
30-05-2025,Friday,Lunch,400,83.25,No,1,4,2.99,17.41
30-05-2025,Friday,Dinner,300,75,No,0,4,3.77,11.94
31-05-2025,Saturday,Lunch,300,83.33,No,0,2,4.12,12.38
31-05-2025,Saturday,Dinner,250,75.6,No,1,2,3.7,11.28
01-06-2025,Sunday,Lunch,450,84.22,No,0,4,5.89,24
01-06-2025,Sunday,Dinner,400,89,No,0,5,4.35,19.47
02-06-2025,Monday,Lunch,300,84.33,No,0,3,3.59,11.37
02-06-2025,Monday,Dinner,320,87.19,No,1,5,4.07,17.63
03-06-2025,Tuesday,Lunch,600,70,No,0,5,4.74,24.25
03-06-2025,Tuesday,Dinner,600,84.33,No,0,2,6.48,22.52
04-06-2025,Wednesday,Lunch,400,86.5,No,0,3,4.11,15.94
04-06-2025,Wednesday,Dinner,450,70.67,No,1,5,3.46,20.43
05-06-2025,Thursday,Lunch,450,87.33,No,0,2,3.81,14.99
05-06-2025,Thursday,Dinner,500,75,No,1,5,7.89,22.72
06-06-2025,Friday,Lunch,700,83.29,No,1,5,6.12,31.84
06-06-2025,Friday,Dinner,300,86,No,1,2,4.3,15.4
07-06-2025,Saturday,Lunch,450,93.56,Yes,0,2,8.69,26.38
07-06-2025,Saturday,Dinner,320,85.94,Yes,0,2,5.37,18.46
08-06-2025,Sunday,Lunch,400,81.75,No,0,3,4.31,13.32
08-06-2025,Sunday,Dinner,500,80.8,No,0,5,5.32,22.82
09-06-2025,Monday,Lunch,650,88,No,0,2,5.74,23.87
09-06-2025,Monday,Dinner,250,78,No,1,4,2.09,13.62
10-06-2025,Tuesday,Lunch,650,76.31,No,0,5,7.41,25.1
10-06-2025,Tuesday,Dinner,600,85,No,0,4,7.68,24.17
11-06-2025,Wednesday,Lunch,250,78,No,1,3,4.11,12.29
11-06-2025,Wednesday,Dinner,300,82.67,No,1,2,2.95,15.3
12-06-2025,Thursday,Lunch,320,82.81,No,0,4,4.44,13.25
12-06-2025,Thursday,Dinner,250,87.6,No,1,3,3.09,13.93
13-06-2025,Friday,Lunch,700,81.86,No,0,2,7.54,30.23
13-06-2025,Friday,Dinner,650,80,No,1,4,6.64,21.41
14-06-2025,Saturday,Lunch,300,72.67,No,1,4,4.21,14.87
14-06-2025,Saturday,Dinner,700,72.29,No,1,3,8.76,30.91
15-06-2025,Sunday,Lunch,600,73,No,1,2,3.76,17.05
15-06-2025,Sunday,Dinner,700,73.43,No,0,2,5.57,27.82
16-06-2025,Monday,Lunch,500,82.6,No,0,4,3.93,23.73
16-06-2025,Monday,Dinner,500,84.8,No,1,4,6.83,24.49
17-06-2025,Tuesday,Lunch,400,80.5,No,0,4,3.54,15.55
17-06-2025,Tuesday,Dinner,300,86.33,No,1,2,5.34,17.32
18-06-2025,Wednesday,Lunch,600,89.67,No,0,3,7.74,25.18
18-06-2025,Wednesday,Dinner,450,86.22,No,0,3,5.37,20.64
19-06-2025,Thursday,Lunch,500,83.8,No,0,2,2.74,17.41
19-06-2025,Thursday,Dinner,300,80.33,No,0,5,3.09,14.89
20-06-2025,Friday,Lunch,450,78.89,No,1,3,6.58,20.84
20-06-2025,Friday,Dinner,400,71.5,No,1,4,5.24,21.08
21-06-2025,Saturday,Lunch,700,77.86,No,1,5,7.01,28.73
21-06-2025,Saturday,Dinner,500,88.2,No,1,5,4.2,23.17
22-06-2025,Sunday,Lunch,300,86,No,1,3,3.59,15.86
22-06-2025,Sunday,Dinner,250,74,No,1,5,4.31,13.84
23-06-2025,Monday,Lunch,450,79.11,No,0,5,3.39,19.21
23-06-2025,Monday,Dinner,700,86.29,No,1,3,9.99,32.33
24-06-2025,Tuesday,Lunch,500,71.2,No,0,3,2.79,12.71
24-06-2025,Tuesday,Dinner,600,77.67,No,0,5,5.88,22.28
25-06-2025,Wednesday,Lunch,450,86.89,No,1,4,6.9,20.32
25-06-2025,Wednesday,Dinner,500,78,No,0,2,5.33,19.38
26-06-2025,Thursday,Lunch,450,71.33,No,0,5,5.09,18.23
26-06-2025,Thursday,Dinner,700,80.71,No,0,5,5.47,29.52
27-06-2025,Friday,Lunch,500,87.2,No,0,4,5.4,25.82
27-06-2025,Friday,Dinner,650,81.69,No,2,5,8.04,28.85
28-06-2025,Saturday,Lunch,300,74.33,No,0,5,2.09,10.95
28-06-2025,Saturday,Dinner,700,77.57,No,0,2,5.21,23.11
29-06-2025,Sunday,Lunch,450,78.89,No,0,2,5.14,14.77
29-06-2025,Sunday,Dinner,600,81.5,No,0,2,4.29,23.99
30-06-2025,Monday,Lunch,250,84.8,No,2,3,3.33,18.4
30-06-2025,Monday,Dinner,450,71.78,No,0,3,2.24,14.01
01-07-2025,Tuesday,Lunch,300,87.67,No,1,2,2.65,12.31
01-07-2025,Tuesday,Dinner,500,70.2,No,1,2,3.08,16.76
02-07-2025,Wednesday,Lunch,250,77.2,No,2,3,3.53,13.88
02-07-2025,Wednesday,Dinner,320,70.31,No,1,4,2.8,17.45
03-07-2025,Thursday,Lunch,450,77.78,No,1,5,4.38,22.83
03-07-2025,Thursday,Dinner,400,80.5,No,0,5,6.65,19.46
04-07-2025,Friday,Lunch,320,80,No,0,2,2.09,12.55
04-07-2025,Friday,Dinner,450,73.11,No,0,4,4.59,17.86
05-07-2025,Saturday,Lunch,650,82.77,No,1,3,6.81,23.3
05-07-2025,Saturday,Dinner,400,70.75,No,0,2,2.96,10.95
06-07-2025,Sunday,Lunch,250,94.8,Yes,0,4,5.77,19.03
06-07-2025,Sunday,Dinner,600,97.17,Yes,0,4,10.77,34.56
07-07-2025,Monday,Lunch,650,76.77,No,0,4,4.29,19.99
07-07-2025,Monday,Dinner,320,80.31,No,0,3,3.66,13.57
08-07-2025,Tuesday,Lunch,500,77.4,No,2,3,8.14,25.19
08-07-2025,Tuesday,Dinner,300,70,No,0,5,3.49,13.17
09-07-2025,Wednesday,Lunch,600,77.67,No,1,5,6.46,29.73
09-07-2025,Wednesday,Dinner,650,85.69,No,1,4,7.65,24.28
10-07-2025,Thursday,Lunch,500,81.8,No,0,4,4.37,15.51
10-07-2025,Thursday,Dinner,500,72,No,0,3,4.84,18.71
11-07-2025,Friday,Lunch,450,86.89,No,0,5,4.56,20.23
11-07-2025,Friday,Dinner,650,80.62,No,0,4,4.13,27.21
12-07-2025,Saturday,Lunch,250,86.8,No,1,5,3.96,15.52
12-07-2025,Saturday,Dinner,400,81.5,No,0,5,4.12,18.84
13-07-2025,Sunday,Lunch,400,81,No,0,4,3.96,16.49
13-07-2025,Sunday,Dinner,320,71.88,No,1,3,3.56,15.78
14-07-2025,Monday,Lunch,320,73.12,No,2,4,3.47,19.06
14-07-2025,Monday,Dinner,400,89.25,No,1,4,5.22,19.89
15-07-2025,Tuesday,Lunch,250,74.4,No,1,5,3.39,15.61
15-07-2025,Tuesday,Dinner,300,89.33,No,1,4,2.97,15.47
16-07-2025,Wednesday,Lunch,700,80.57,No,0,3,7.43,31.83
16-07-2025,Wednesday,Dinner,300,72.67,No,1,4,4.38,13.34
17-07-2025,Thursday,Lunch,450,71.78,No,0,3,3.43,14.95
17-07-2025,Thursday,Dinner,700,74.14,No,1,3,3.94,26.04
18-07-2025,Friday,Lunch,700,88.43,No,1,5,6.09,28.91
18-07-2025,Friday,Dinner,650,78.15,No,0,2,6.52,23.83
19-07-2025,Saturday,Lunch,250,77.6,No,1,2,2.69,9.3
19-07-2025,Saturday,Dinner,250,76,No,2,5,4.93,21.06
20-07-2025,Sunday,Lunch,700,72.86,No,0,4,7.13,24.81
20-07-2025,Sunday,Dinner,650,79.69,No,1,5,6.36,28.6
21-07-2025,Monday,Lunch,700,72.57,No,0,3,4.14,22.24
21-07-2025,Monday,Dinner,600,86.67,No,1,2,7.66,26.13
22-07-2025,Tuesday,Lunch,320,77.19,No,0,5,4.14,14.78
22-07-2025,Tuesday,Dinner,320,77.5,No,1,4,2.75,13.66
23-07-2025,Wednesday,Lunch,300,79.33,No,2,5,4.34,18.28
23-07-2025,Wednesday,Dinner,450,78.67,No,1,2,3.15,20.62
24-07-2025,Thursday,Lunch,320,89.69,No,1,5,4.19,18.41
24-07-2025,Thursday,Dinner,500,80.8,No,0,5,3.22,20.43
25-07-2025,Friday,Lunch,300,71.67,No,2,2,2.24,13.61
25-07-2025,Friday,Dinner,320,81.88,No,0,3,1.94,12.54
26-07-2025,Saturday,Lunch,450,72.89,No,1,3,4.93,15.56
26-07-2025,Saturday,Dinner,250,70.4,No,0,2,1.6,7.48
27-07-2025,Sunday,Lunch,250,89.2,No,0,5,3.32,15.03
27-07-2025,Sunday,Dinner,700,85.43,No,1,2,7.51,34.81
28-07-2025,Monday,Lunch,600,89.5,No,0,3,3.69,20.14
28-07-2025,Monday,Dinner,250,79.2,No,0,4,1.98,12.78
29-07-2025,Tuesday,Lunch,650,80.62,No,0,5,6.92,28.07
29-07-2025,Tuesday,Dinner,320,73.12,No,0,3,3.18,11.67
30-07-2025,Wednesday,Lunch,650,74.92,No,0,5,3.46,22.53
30-07-2025,Wednesday,Dinner,450,86.67,No,0,2,6.09,20.67
31-07-2025,Thursday,Lunch,250,76.8,No,0,4,1.56,9.98
31-07-2025,Thursday,Dinner,600,86.5,No,0,2,7.7,22.85
01-08-2025,Friday,Lunch,450,84,No,1,4,6.94,24.85
01-08-2025,Friday,Dinner,500,73.4,No,0,5,4.2,16.87
02-08-2025,Saturday,Lunch,500,80,No,2,5,8.01,28.24
02-08-2025,Saturday,Dinner,650,83.54,No,1,2,5.98,28.17
03-08-2025,Sunday,Lunch,700,74.57,No,0,4,6.74,24.39
03-08-2025,Sunday,Dinner,300,86.33,No,1,4,3.72,15.72
04-08-2025,Monday,Lunch,700,80.86,No,1,5,9.02,31.72
04-08-2025,Monday,Dinner,700,73.29,No,2,2,5.3,22.82
05-08-2025,Tuesday,Lunch,600,81.5,No,1,4,4.54,27.87
05-08-2025,Tuesday,Dinner,250,89.6,No,0,5,2.4,11.22
06-08-2025,Wednesday,Lunch,600,73,No,1,3,6.06,21.87
06-08-2025,Wednesday,Dinner,450,86.22,No,1,2,3,16.95
07-08-2025,Thursday,Lunch,500,74,No,1,3,4.99,19.83
07-08-2025,Thursday,Dinner,600,85.5,No,0,2,3.87,20.39
08-08-2025,Friday,Lunch,450,84.67,No,1,5,3.4,21.39
08-08-2025,Friday,Dinner,600,76,No,2,4,6.84,29.7
09-08-2025,Saturday,Lunch,700,76.43,No,0,4,5.24,29.69
09-08-2025,Saturday,Dinner,320,85.62,No,0,4,3.9,15.7
10-08-2025,Sunday,Lunch,650,79.08,No,0,2,4.62,27.04
10-08-2025,Sunday,Dinner,300,84.33,No,1,5,4.57,18.88
11-08-2025,Monday,Lunch,600,72.83,No,1,3,3.74,19.78
11-08-2025,Monday,Dinner,300,87,No,1,5,5.19,17.58
12-08-2025,Tuesday,Lunch,400,84,No,0,3,4.04,20.24
12-08-2025,Tuesday,Dinner,600,88,No,1,2,7.37,31.08
13-08-2025,Wednesday,Lunch,320,72.5,No,0,2,2.81,9.34
13-08-2025,Wednesday,Dinner,300,81.67,No,0,3,2.51,13.57
14-08-2025,Thursday,Lunch,600,81.83,No,1,3,6.15,29.21
14-08-2025,Thursday,Dinner,250,76.8,No,2,3,3.92,13.84
15-08-2025,Friday,Lunch,650,90.92,Yes,2,5,11.22,40.14
15-08-2025,Friday,Dinner,320,85.31,Yes,2,3,3.87,18.54
16-08-2025,Saturday,Lunch,300,94.67,Yes,0,2,4.13,14.84
16-08-2025,Saturday,Dinner,320,91.88,Yes,0,2,3.77,16.19
17-08-2025,Sunday,Lunch,450,71.11,No,1,4,3.82,18.98
17-08-2025,Sunday,Dinner,650,83.54,No,2,3,8.77,25.5
18-08-2025,Monday,Lunch,600,79.33,No,0,5,2.92,19.37
18-08-2025,Monday,Dinner,600,70.67,No,0,5,6.92,20.36
19-08-2025,Tuesday,Lunch,600,89.33,No,0,5,6.32,28.73
19-08-2025,Tuesday,Dinner,650,88.92,No,1,4,9.43,27.8
20-08-2025,Wednesday,Lunch,250,80,No,0,2,2.07,7.35
20-08-2025,Wednesday,Dinner,400,71.75,No,0,5,4,17.72
21-08-2025,Thursday,Lunch,500,85,No,0,2,3.06,17.16
21-08-2025,Thursday,Dinner,700,79.71,No,0,4,3.98,26.47
22-08-2025,Friday,Lunch,300,76,No,1,3,3.26,16.25
22-08-2025,Friday,Dinner,250,79.6,No,0,3,3.51,12.19
23-08-2025,Saturday,Lunch,300,80.33,No,1,3,5.12,16.51
23-08-2025,Saturday,Dinner,600,81.17,No,1,5,7.44,23.45
24-08-2025,Sunday,Lunch,320,78.75,No,1,3,3.93,14.67
24-08-2025,Sunday,Dinner,300,82,No,0,5,4.56,17.6
25-08-2025,Monday,Lunch,600,88.33,No,2,4,4.71,27.98
25-08-2025,Monday,Dinner,300,77,No,1,4,4.79,14.87
26-08-2025,Tuesday,Lunch,320,84.38,No,2,5,6.96,21.14
26-08-2025,Tuesday,Dinner,600,87.83,No,2,2,3.32,21.16
27-08-2025,Wednesday,Lunch,400,79,No,0,3,4.48,18.06
27-08-2025,Wednesday,Dinner,250,78.8,No,0,3,1.46,8.62
28-08-2025,Thursday,Lunch,450,82,No,0,3,6.24,18.15
28-08-2025,Thursday,Dinner,700,81.71,No,1,5,8.03,33.13
29-08-2025,Friday,Lunch,650,86,No,0,4,7.53,24.8
29-08-2025,Friday,Dinner,700,79.43,No,0,3,7.74,28.77
30-08-2025,Saturday,Lunch,700,89.86,No,0,4,4.95,28.86
30-08-2025,Saturday,Dinner,600,71.17,No,0,3,5.19,18.51
31-08-2025,Sunday,Lunch,400,70,No,0,3,3.05,11.71
31-08-2025,Sunday,Dinner,450,82.67,No,0,5,6.72,21.74
01-09-2025,Monday,Lunch,250,75.6,No,0,2,1.07,6.58
01-09-2025,Monday,Dinner,250,74.8,No,0,5,2.91,12.23
02-09-2025,Tuesday,Lunch,320,75.94,No,0,3,3.82,13.26
02-09-2025,Tuesday,Dinner,650,75.08,No,0,3,6.91,26.87
03-09-2025,Wednesday,Lunch,300,70.33,No,1,2,4.59,13.17
03-09-2025,Wednesday,Dinner,400,89.25,No,1,4,3.34,15.65
04-09-2025,Thursday,Lunch,300,74.33,No,0,4,3.22,12.7
04-09-2025,Thursday,Dinner,450,84.67,No,0,3,3.64,19.72
05-09-2025,Friday,Lunch,700,94.86,Yes,1,4,15.66,45.89
05-09-2025,Friday,Dinner,250,96.8,Yes,1,3,3.73,13.4
06-09-2025,Saturday,Lunch,450,70.44,No,1,2,5.72,19.15
06-09-2025,Saturday,Dinner,700,87.43,No,1,2,7.15,35.54
07-09-2025,Sunday,Lunch,250,80.4,No,0,3,1.81,10.45
07-09-2025,Sunday,Dinner,700,82.57,No,0,2,4.31,23.69
08-09-2025,Monday,Lunch,650,82.77,No,0,5,7.22,24.22
08-09-2025,Monday,Dinner,400,86.25,No,2,5,6.7,22.22
09-09-2025,Tuesday,Lunch,450,76.67,No,1,2,4.55,13.78
09-09-2025,Tuesday,Dinner,450,84.44,No,1,3,3.26,16.7
10-09-2025,Wednesday,Lunch,500,80.4,No,0,3,3.21,16.72
10-09-2025,Wednesday,Dinner,600,85.83,No,1,2,5.14,24.97
11-09-2025,Thursday,Lunch,650,89.69,No,0,4,7.04,25.43
11-09-2025,Thursday,Dinner,650,74,No,0,5,6.44,25.04
12-09-2025,Friday,Lunch,300,89.67,No,0,4,3.51,15.94
12-09-2025,Friday,Dinner,700,71.71,No,1,3,6.57,22.04
13-09-2025,Saturday,Lunch,600,70,No,0,3,6.63,21.12
13-09-2025,Saturday,Dinner,400,70.75,No,1,4,3.79,18.83
14-09-2025,Sunday,Lunch,400,76.75,No,0,2,2.05,13.02
14-09-2025,Sunday,Dinner,650,82.62,No,1,4,4.59,28.58
15-09-2025,Monday,Lunch,400,71.25,No,1,4,3.1,18.19
15-09-2025,Monday,Dinner,500,70,No,0,5,6.67,20.94
16-09-2025,Tuesday,Lunch,450,88.67,No,1,5,5.57,19.77
16-09-2025,Tuesday,Dinner,320,86.25,No,1,4,4.4,18.14
17-09-2025,Wednesday,Lunch,300,86,No,1,4,4.41,16.46
17-09-2025,Wednesday,Dinner,700,87.57,No,1,3,10.13,29.57
18-09-2025,Thursday,Lunch,700,84,No,1,5,9.11,26.29
18-09-2025,Thursday,Dinner,250,72,No,0,5,1.81,8.1
19-09-2025,Friday,Lunch,320,77.81,No,1,3,4.32,16.65
19-09-2025,Friday,Dinner,650,84.31,No,0,2,5,23.27
20-09-2025,Saturday,Lunch,500,75.6,No,0,5,6.81,22.49
20-09-2025,Saturday,Dinner,450,83.56,No,0,5,3.19,20.08
21-09-2025,Sunday,Lunch,450,70.44,No,1,2,4.57,15.82
21-09-2025,Sunday,Dinner,500,76,No,1,5,7.29,26.69
22-09-2025,Monday,Lunch,600,80.83,No,0,5,4.76,19.42
22-09-2025,Monday,Dinner,250,82.4,No,1,2,3.47,10.94
23-09-2025,Tuesday,Lunch,700,81.43,No,2,2,4.5,28.53
23-09-2025,Tuesday,Dinner,320,83.75,No,0,4,5.6,16.52
24-09-2025,Wednesday,Lunch,400,70,No,0,3,3.31,15.81
24-09-2025,Wednesday,Dinner,250,72,No,1,3,2.9,10.25
25-09-2025,Thursday,Lunch,320,87.19,No,0,2,1.74,11.37
25-09-2025,Thursday,Dinner,300,83.33,No,1,2,2.79,15.51
26-09-2025,Friday,Lunch,300,72,No,0,5,4.04,14.05
26-09-2025,Friday,Dinner,250,86.8,No,0,4,2.54,13.98
27-09-2025,Saturday,Lunch,650,74.77,No,1,4,7.43,29.49
27-09-2025,Saturday,Dinner,320,79.38,No,1,2,3.57,15.02
28-09-2025,Sunday,Lunch,320,72.81,No,1,5,6.68,19.49
28-09-2025,Sunday,Dinner,500,84.2,No,1,5,7.26,23.69
29-09-2025,Monday,Lunch,650,83.23,No,1,3,4.77,31.07
29-09-2025,Monday,Dinner,700,74.14,No,1,3,6.67,25.49
30-09-2025,Tuesday,Lunch,700,87.14,No,0,5,4.2,25.78
30-09-2025,Tuesday,Dinner,400,78,No,1,3,5.46,16.72
01-10-2025,Wednesday,Lunch,450,75.78,No,0,2,3.94,17.43
01-10-2025,Wednesday,Dinner,300,73,No,1,5,3.98,14.75
02-10-2025,Thursday,Lunch,700,88.43,Yes,0,3,11.98,34.42
02-10-2025,Thursday,Dinner,650,85.23,Yes,1,4,7.52,31.36
03-10-2025,Friday,Lunch,320,81.56,No,0,5,2.73,17
03-10-2025,Friday,Dinner,700,86.71,No,1,5,12.26,38.42
04-10-2025,Saturday,Lunch,320,80.94,No,1,4,3.13,10.97
04-10-2025,Saturday,Dinner,700,74.29,No,0,2,4.2,20.17
05-10-2025,Sunday,Lunch,300,70.67,No,1,4,4.03,13.95
05-10-2025,Sunday,Dinner,700,74.29,No,0,5,5.17,23.07
06-10-2025,Monday,Lunch,650,78.31,No,1,2,8.71,25.41
06-10-2025,Monday,Dinner,700,85.14,No,1,3,10.35,31.35
07-10-2025,Tuesday,Lunch,450,73.56,No,0,3,2.43,8.8
07-10-2025,Tuesday,Dinner,300,84.33,No,2,3,4.23,18.51
08-10-2025,Wednesday,Lunch,650,87.23,No,0,5,7.61,32.22
08-10-2025,Wednesday,Dinner,500,79,No,0,4,5.19,19.81
09-10-2025,Thursday,Lunch,650,86.31,No,2,2,5.23,25.4
09-10-2025,Thursday,Dinner,450,80.89,No,0,3,6.64,20.78
10-10-2025,Friday,Lunch,300,82.67,No,2,2,3.42,13.26
10-10-2025,Friday,Dinner,500,80.4,No,2,5,6.74,25.42
11-10-2025,Saturday,Lunch,450,79.11,No,0,3,3.72,14.39
11-10-2025,Saturday,Dinner,450,74.67,No,1,5,8.2,24.22
12-10-2025,Sunday,Lunch,250,76,No,0,4,1.79,10.1
12-10-2025,Sunday,Dinner,300,75.67,No,0,5,3.94,16.3
13-10-2025,Monday,Lunch,650,81.23,No,0,5,10.28,31.54
13-10-2025,Monday,Dinner,320,72.19,No,0,4,2.16,8.64
14-10-2025,Tuesday,Lunch,320,88.12,No,0,2,3.23,14.09
14-10-2025,Tuesday,Dinner,650,84.31,No,0,4,7.96,23.6
15-10-2025,Wednesday,Lunch,650,78,No,2,4,7.97,27.23
15-10-2025,Wednesday,Dinner,300,73,No,1,5,4.31,12.57
16-10-2025,Thursday,Lunch,650,87.54,No,1,2,5.13,23.3
16-10-2025,Thursday,Dinner,250,86.4,No,1,3,3.51,11.76
17-10-2025,Friday,Lunch,500,84.4,No,1,4,5.48,22.62
17-10-2025,Friday,Dinner,650,75.38,No,0,2,6.69,20.72
18-10-2025,Saturday,Lunch,320,77.81,No,1,4,5,16.55
18-10-2025,Saturday,Dinner,650,72,No,2,4,5.74,26.89
19-10-2025,Sunday,Lunch,250,73.6,No,0,4,1.59,9.95
19-10-2025,Sunday,Dinner,700,85.57,No,1,4,9.26,28.28
20-10-2025,Monday,Lunch,700,94.29,Yes,1,5,14.15,42.76
20-10-2025,Monday,Dinner,450,92.67,Yes,2,2,5.05,20.18
21-10-2025,Tuesday,Lunch,400,87.75,No,1,2,2.96,14.87
21-10-2025,Tuesday,Dinner,500,81.6,No,0,2,6.32,18.47
22-10-2025,Wednesday,Lunch,600,79.33,No,0,4,4.25,20.92
22-10-2025,Wednesday,Dinner,450,76.67,No,0,5,3.01,17.12
23-10-2025,Thursday,Lunch,700,88.71,No,1,4,8.28,29.89
23-10-2025,Thursday,Dinner,320,71.56,No,0,4,3.63,11.3
24-10-2025,Friday,Lunch,600,88.5,No,1,2,10.36,30.85
24-10-2025,Friday,Dinner,450,86.44,No,0,4,5.12,16.3
25-10-2025,Saturday,Lunch,600,72.5,No,0,3,4.22,17.48
25-10-2025,Saturday,Dinner,300,81,No,0,4,2.55,12.34
26-10-2025,Sunday,Lunch,400,87.25,No,1,3,5.54,17.23
26-10-2025,Sunday,Dinner,300,81.33,No,0,4,4.85,15.41
27-10-2025,Monday,Lunch,600,88,No,0,5,6.67,29.42
27-10-2025,Monday,Dinner,300,88.67,No,0,5,3.62,15.98
28-10-2025,Tuesday,Lunch,250,78.4,No,0,2,1.64,10.2
28-10-2025,Tuesday,Dinner,700,77.43,No,0,4,6.34,24.59
29-10-2025,Wednesday,Lunch,250,88.4,No,1,3,3.34,15.84
29-10-2025,Wednesday,Dinner,650,83.38,No,1,3,10.29,31.49
30-10-2025,Thursday,Lunch,300,72,No,0,4,2.29,12.4
30-10-2025,Thursday,Dinner,650,70.77,No,1,3,7.23,22.09
31-10-2025,Friday,Lunch,320,81.25,No,2,5,2.89,16.66
31-10-2025,Friday,Dinner,500,88.6,No,1,3,4.7,25.48
01-11-2025,Saturday,Lunch,320,86.88,No,1,2,2.84,15.48
01-11-2025,Saturday,Dinner,600,83.5,No,1,5,6.08,24.97
02-11-2025,Sunday,Lunch,700,72.71,No,2,5,8.23,36.34
02-11-2025,Sunday,Dinner,300,75,No,1,5,2.1,13.72
03-11-2025,Monday,Lunch,450,87.33,No,0,4,6.16,21.95
03-11-2025,Monday,Dinner,500,73.6,No,1,4,5.72,19.03
04-11-2025,Tuesday,Lunch,400,75.5,No,1,5,3.31,17.52
04-11-2025,Tuesday,Dinner,400,72.5,No,0,4,4.63,18.57
05-11-2025,Wednesday,Lunch,400,93.75,Yes,0,3,7.66,23.5
05-11-2025,Wednesday,Dinner,300,97,Yes,1,4,5.18,24.44
06-11-2025,Thursday,Lunch,400,75.25,No,1,4,3.02,18.63
06-11-2025,Thursday,Dinner,250,79.2,No,0,5,4.71,15.65
07-11-2025,Friday,Lunch,500,82.6,No,1,2,3.86,23.1
07-11-2025,Friday,Dinner,250,89.6,No,0,2,3.98,12.29
08-11-2025,Saturday,Lunch,500,72,No,0,2,5.71,17.39
08-11-2025,Saturday,Dinner,250,79.6,No,1,3,2.45,13.58
09-11-2025,Sunday,Lunch,500,77.6,No,0,4,3.38,18.59
09-11-2025,Sunday,Dinner,650,87.23,No,0,2,7.01,24.1
10-11-2025,Monday,Lunch,300,79.33,No,2,5,4.96,17.59
10-11-2025,Monday,Dinner,300,72,No,0,2,2.45,8.25
11-11-2025,Tuesday,Lunch,400,82.5,No,0,2,4.8,16.87
11-11-2025,Tuesday,Dinner,320,85.31,No,2,4,6.35,22.42
12-11-2025,Wednesday,Lunch,400,70,No,1,4,5.78,19.71
12-11-2025,Wednesday,Dinner,600,87.17,No,1,4,7.21,30.46
13-11-2025,Thursday,Lunch,250,73.6,No,1,3,3.52,11.54
13-11-2025,Thursday,Dinner,500,81,No,0,3,6.55,19.72
14-11-2025,Friday,Lunch,320,78.12,No,1,2,2.32,11.68
14-11-2025,Friday,Dinner,600,84.33,No,1,4,11.2,32.01
15-11-2025,Saturday,Lunch,300,77.33,No,1,2,3.82,11.97
15-11-2025,Saturday,Dinner,300,87.33,No,1,5,3.68,15.66
16-11-2025,Sunday,Lunch,400,84.5,No,1,5,7.55,21.96
16-11-2025,Sunday,Dinner,250,82.8,No,0,4,4.57,13.42
17-11-2025,Monday,Lunch,320,85.62,No,0,4,5.49,17.8
17-11-2025,Monday,Dinner,700,85,No,1,5,7.42,30.19
18-11-2025,Tuesday,Lunch,600,70.67,No,1,4,7.14,24.19
18-11-2025,Tuesday,Dinner,600,77.83,No,1,3,6.29,25.82
19-11-2025,Wednesday,Lunch,400,88.5,No,0,3,2.45,11.97
19-11-2025,Wednesday,Dinner,300,72.33,No,1,4,3.31,13.54
20-11-2025,Thursday,Lunch,400,84.5,No,1,5,4.91,20.6
20-11-2025,Thursday,Dinner,500,89.4,No,1,2,3.87,23.74
21-11-2025,Friday,Lunch,320,70.94,No,1,4,4.17,15.91
21-11-2025,Friday,Dinner,250,83.6,No,2,4,3.21,18.95
22-11-2025,Saturday,Lunch,650,79.23,No,1,2,5.17,26.43
22-11-2025,Saturday,Dinner,450,81.56,No,1,4,5.9,18.07
23-11-2025,Sunday,Lunch,450,71.56,No,1,2,4.43,16.83
23-11-2025,Sunday,Dinner,400,70.75,No,2,5,3.92,21.16
24-11-2025,Monday,Lunch,500,83.2,No,1,3,6.42,19.98
24-11-2025,Monday,Dinner,320,86.25,No,1,5,5.13,17.87
25-11-2025,Tuesday,Lunch,700,85.57,No,1,3,8.65,29.75
25-11-2025,Tuesday,Dinner,450,80.67,No,1,2,4.22,20.88
26-11-2025,Wednesday,Lunch,320,71.88,No,0,3,2.86,13.29
26-11-2025,Wednesday,Dinner,250,83.6,No,0,5,2.01,11.56
27-11-2025,Thursday,Lunch,500,74.8,No,2,3,7.83,26.91
27-11-2025,Thursday,Dinner,300,88,No,1,2,3.18,11.87
28-11-2025,Friday,Lunch,320,86.56,No,1,3,5.39,19.7
28-11-2025,Friday,Dinner,250,84,No,2,4,3.39,15.11
29-11-2025,Saturday,Lunch,700,88.86,No,1,5,11.22,38.8
29-11-2025,Saturday,Dinner,650,70.62,No,1,4,7.02,26.55
30-11-2025,Sunday,Lunch,300,84.67,No,1,2,2.89,12.45
30-11-2025,Sunday,Dinner,650,76.46,No,1,3,6.12,20.99
01-12-2025,Monday,Lunch,700,88,No,0,4,6.81,26.2
01-12-2025,Monday,Dinner,250,75.2,No,0,4,2.39,8.13
02-12-2025,Tuesday,Lunch,450,84.44,No,0,3,3.88,15.2
02-12-2025,Tuesday,Dinner,650,87.54,No,0,3,5.74,29.45
03-12-2025,Wednesday,Lunch,300,70.67,No,1,5,5.21,15.68
03-12-2025,Wednesday,Dinner,400,77.75,No,0,4,5.63,18.08
04-12-2025,Thursday,Lunch,600,85.17,No,0,4,5.37,23.81
04-12-2025,Thursday,Dinner,320,79.06,No,0,2,4.33,12.67
05-12-2025,Friday,Lunch,450,75.33,No,0,5,4.56,15.19
05-12-2025,Friday,Dinner,650,74.31,No,1,2,6.56,21.27
06-12-2025,Saturday,Lunch,320,72.5,No,1,4,3.37,11.81
06-12-2025,Saturday,Dinner,400,87,No,1,2,5.43,16.46
07-12-2025,Sunday,Lunch,700,81.43,No,0,4,5.97,30.57
07-12-2025,Sunday,Dinner,600,71.5,No,0,4,3.12,17.81
08-12-2025,Monday,Lunch,250,77.6,No,0,2,2.06,7.86
08-12-2025,Monday,Dinner,400,77.25,No,1,2,3.67,18.44
09-12-2025,Tuesday,Lunch,400,73.5,No,0,3,3.71,15.59
09-12-2025,Tuesday,Dinner,700,78.57,No,1,3,6.53,29.75
10-12-2025,Wednesday,Lunch,500,76.6,No,0,3,4.04,16.95
10-12-2025,Wednesday,Dinner,700,76.71,No,1,4,5.82,27.1
11-12-2025,Thursday,Lunch,500,84.6,No,0,2,7.11,21.54
11-12-2025,Thursday,Dinner,500,74.4,No,0,5,2.83,16.42
12-12-2025,Friday,Lunch,450,82.67,No,1,4,5.16,21.71
12-12-2025,Friday,Dinner,450,81.33,No,0,5,7.07,24.25
13-12-2025,Saturday,Lunch,300,81.33,No,0,2,2.61,11.13
13-12-2025,Saturday,Dinner,650,83.23,No,1,4,6.18,34.17
14-12-2025,Sunday,Lunch,650,80.92,No,1,5,7.08,26.65
14-12-2025,Sunday,Dinner,250,87.2,No,1,5,2.94,14.96
15-12-2025,Monday,Lunch,650,83.38,No,0,3,9.87,31.74
15-12-2025,Monday,Dinner,450,80.89,No,0,3,4.74,15.53
16-12-2025,Tuesday,Lunch,300,86.33,No,0,3,3.28,10.72
16-12-2025,Tuesday,Dinner,300,82,No,0,4,2.55,15.48
17-12-2025,Wednesday,Lunch,500,75.8,No,1,2,6.77,22.08
17-12-2025,Wednesday,Dinner,700,74,No,1,2,5.46,27.39
18-12-2025,Thursday,Lunch,250,72.8,No,0,3,2.71,11.34
18-12-2025,Thursday,Dinner,500,87.8,No,1,3,5.71,20.93
19-12-2025,Friday,Lunch,700,84.14,No,0,3,7.8,30.88
19-12-2025,Friday,Dinner,650,88.62,No,1,5,9.38,34.64
20-12-2025,Saturday,Lunch,500,82,No,0,3,5.48,17.45
20-12-2025,Saturday,Dinner,320,79.38,No,0,5,2.3,14.29
21-12-2025,Sunday,Lunch,650,71.08,No,1,2,7.25,29.48
21-12-2025,Sunday,Dinner,700,83.43,No,1,4,10.38,36.84
22-12-2025,Monday,Lunch,250,81.6,No,1,4,4.45,13.53
22-12-2025,Monday,Dinner,700,89.71,No,0,4,8.84,34.78
23-12-2025,Tuesday,Lunch,500,74.6,No,0,4,6.11,21.4
23-12-2025,Tuesday,Dinner,500,80.6,No,0,5,3.57,21.01
24-12-2025,Wednesday,Lunch,400,83,No,0,5,3.55,17.61
24-12-2025,Wednesday,Dinner,250,82.8,No,1,3,3.11,14.5
25-12-2025,Thursday,Lunch,650,92.15,Yes,0,5,8.75,28.94
25-12-2025,Thursday,Dinner,300,95,Yes,0,3,5.31,16.28
26-12-2025,Friday,Lunch,250,74,No,1,3,3.59,11.76
26-12-2025,Friday,Dinner,300,84.33,No,0,4,4.29,14.86
27-12-2025,Saturday,Lunch,250,82,No,1,5,5.49,15.76
27-12-2025,Saturday,Dinner,250,87.6,No,1,5,3.49,14.57
28-12-2025,Sunday,Lunch,700,86.86,No,0,3,6.11,23.14
28-12-2025,Sunday,Dinner,250,76,No,2,3,2.55,15.42
29-12-2025,Monday,Lunch,400,75.5,No,1,2,5.47,19.59
29-12-2025,Monday,Dinner,500,89.6,No,0,2,3.27,16.98
30-12-2025,Tuesday,Lunch,600,80.5,No,0,3,8.31,25.36
30-12-2025,Tuesday,Dinner,300,88,No,0,2,3.75,10.83
31-12-2025,Wednesday,Lunch,500,73.2,No,1,2,3.86,20.19
31-12-2025,Wednesday,Dinner,600,82.83,No,1,3,8.27,23.77
